// @generated by `cargo run -p eg-capabilities --features contract --bin gen_contract`.
// DO NOT EDIT: `gen_contract --check` byte-diffs this file.
//
// Each row is `(MethodId, SchemaId, sha256 of that method's request subschema)`,
// sorted by method id. The digest is over the exact bytes
// `contract/schemas/method.request.json` publishes for the method, so a schema
// change moves the digest and therefore every replay identity minted under it.

/// One `(method id, schema id, request-schema digest)` row per contract method.
pub const METHOD_CATALOG: &[(&str, &str, [u8; 32])] = &[
    (
        "AcquireCapacity",
        "contract/schemas/method.request.json#/methods/AcquireCapacity",
        [0x8c, 0xf7, 0x77, 0x15, 0x58, 0xc8, 0xea, 0xb2, 0xe9, 0x5a, 0x82, 0xd6, 0x7d, 0x7e, 0xdf, 0x9b, 0xd2, 0xe0, 0x03, 0x0b, 0x10, 0x83, 0x5c, 0x07, 0xd1, 0xb7, 0xe5, 0xa1, 0x18, 0xb2, 0x0e, 0xe7],
    ),
    (
        "AddEdge",
        "contract/schemas/method.request.json#/methods/AddEdge",
        [0x78, 0x6f, 0xbf, 0xdb, 0xd4, 0xc3, 0x0e, 0x5c, 0x87, 0x6a, 0x1a, 0xd9, 0xff, 0xb5, 0xfe, 0x41, 0x03, 0x90, 0x0d, 0x17, 0xa5, 0xbe, 0xe7, 0xe2, 0xe1, 0x1d, 0xd1, 0xb4, 0x9a, 0x1e, 0x0f, 0xf3],
    ),
    (
        "AddEmbedding",
        "contract/schemas/method.request.json#/methods/AddEmbedding",
        [0xea, 0xec, 0x7f, 0x23, 0x8a, 0x05, 0x22, 0xa7, 0x59, 0x07, 0x54, 0x7c, 0x0a, 0x13, 0x08, 0x33, 0x91, 0xdf, 0x77, 0xfb, 0x59, 0xc0, 0x80, 0x31, 0x0a, 0x52, 0x0b, 0x7c, 0x99, 0x69, 0xae, 0xc9],
    ),
    (
        "AddNode",
        "contract/schemas/method.request.json#/methods/AddNode",
        [0xb8, 0xc7, 0xf1, 0x3f, 0x90, 0xc4, 0x98, 0x6d, 0x2c, 0x6e, 0x56, 0x3a, 0x92, 0xb5, 0x34, 0xd0, 0xcf, 0x84, 0x40, 0x73, 0x8b, 0xa6, 0xd0, 0xb4, 0x58, 0x31, 0x37, 0x17, 0x7e, 0xba, 0xb1, 0xbd],
    ),
    (
        "AddSceneObject",
        "contract/schemas/method.request.json#/methods/AddSceneObject",
        [0x99, 0x6b, 0x35, 0x56, 0x46, 0x5e, 0x69, 0x20, 0x0a, 0x67, 0xbf, 0x1f, 0x0c, 0x6b, 0x71, 0x6d, 0x4a, 0x8f, 0x2b, 0xfc, 0xa4, 0x38, 0xc4, 0x34, 0x9a, 0xc0, 0x59, 0xe4, 0x2e, 0x59, 0xe6, 0xa9],
    ),
    (
        "AddTriples",
        "contract/schemas/method.request.json#/methods/AddTriples",
        [0xde, 0x9f, 0xec, 0x6b, 0x95, 0x39, 0x57, 0xc3, 0x01, 0xd2, 0x53, 0x0b, 0x19, 0x66, 0xd7, 0x83, 0x6b, 0x3c, 0x9f, 0x80, 0x8b, 0xa5, 0x68, 0x8a, 0xb2, 0x70, 0xf8, 0xe3, 0xaf, 0x25, 0x76, 0xaf],
    ),
    (
        "AgentAssemble",
        "contract/schemas/method.request.json#/methods/AgentAssemble",
        [0x75, 0xc9, 0xf3, 0xa8, 0x2d, 0xef, 0x2f, 0xc5, 0xf9, 0xc5, 0x88, 0x3a, 0x55, 0xac, 0x1e, 0x8c, 0x9b, 0xe6, 0x98, 0x5a, 0x93, 0x17, 0x11, 0xda, 0xae, 0x64, 0xbb, 0xb9, 0xfc, 0xd5, 0x68, 0xbe],
    ),
    (
        "AgentComponent",
        "contract/schemas/method.request.json#/methods/AgentComponent",
        [0xdf, 0xa6, 0xae, 0x8f, 0x9a, 0xb7, 0xc3, 0x79, 0xb9, 0x9d, 0x2d, 0x16, 0x4c, 0x08, 0x94, 0x1f, 0xa8, 0x40, 0x99, 0xc1, 0x5c, 0x48, 0x1d, 0x0a, 0xda, 0xb3, 0x79, 0xed, 0xdd, 0x7c, 0x91, 0x03],
    ),
    (
        "AgentGraph",
        "contract/schemas/method.request.json#/methods/AgentGraph",
        [0x05, 0x08, 0xc1, 0x31, 0x93, 0xd4, 0xe9, 0xac, 0xb8, 0x99, 0x44, 0xd9, 0x96, 0xe4, 0xb0, 0x0c, 0x3d, 0x47, 0xdd, 0xf4, 0xf4, 0x50, 0xbb, 0x81, 0x6e, 0x87, 0xf6, 0x1b, 0x35, 0x34, 0x37, 0x97],
    ),
    (
        "AgentLibrary",
        "contract/schemas/method.request.json#/methods/AgentLibrary",
        [0x2d, 0x29, 0xcd, 0xaf, 0x2a, 0xda, 0x13, 0x35, 0x72, 0x3a, 0x82, 0x74, 0xaf, 0xdb, 0x1a, 0x43, 0xa0, 0xfe, 0x01, 0xcf, 0xab, 0x5f, 0x56, 0xef, 0x51, 0xde, 0x51, 0x7c, 0x7e, 0xbb, 0x4d, 0x1f],
    ),
    (
        "AgentTemplate",
        "contract/schemas/method.request.json#/methods/AgentTemplate",
        [0xa0, 0x84, 0xbc, 0xa9, 0xb7, 0x4d, 0xfa, 0x98, 0xd8, 0xdd, 0xb4, 0x01, 0x64, 0xad, 0xf4, 0x49, 0x61, 0x6c, 0xde, 0xc5, 0xd7, 0x33, 0x7f, 0x53, 0x7e, 0x76, 0x41, 0xfb, 0xee, 0xec, 0x16, 0x31],
    ),
    (
        "AnalyticsJob",
        "contract/schemas/method.request.json#/methods/AnalyticsJob",
        [0xb5, 0xa1, 0xe4, 0xe0, 0x39, 0xc3, 0xa4, 0x2d, 0x4a, 0x2e, 0x7b, 0x95, 0x6e, 0x41, 0xc6, 0xbc, 0x0b, 0x34, 0x58, 0xcf, 0xe3, 0x72, 0x08, 0x80, 0x01, 0xc2, 0x06, 0x69, 0x7c, 0x1b, 0x43, 0x91],
    ),
    (
        "AppendStep",
        "contract/schemas/method.request.json#/methods/AppendStep",
        [0xcd, 0x53, 0x93, 0x73, 0x4b, 0x70, 0x8f, 0x7e, 0x55, 0x15, 0x3c, 0x4b, 0x54, 0xac, 0x1e, 0x14, 0xe6, 0x80, 0x37, 0x8c, 0x17, 0x24, 0x68, 0x60, 0x45, 0xed, 0xf5, 0x5f, 0xce, 0xec, 0xa5, 0x17],
    ),
    (
        "ApplyChangeEnvelope",
        "contract/schemas/method.request.json#/methods/ApplyChangeEnvelope",
        [0xfb, 0x8a, 0x5d, 0x72, 0x3b, 0xe5, 0x9a, 0xd2, 0x33, 0x88, 0xb6, 0xc5, 0x98, 0xed, 0x4b, 0x30, 0x87, 0x95, 0x53, 0x46, 0x25, 0x5f, 0x3f, 0x9b, 0x27, 0x03, 0xfd, 0xd4, 0x46, 0x3f, 0xb2, 0xa4],
    ),
    (
        "ApplyChangeEnvelopes",
        "contract/schemas/method.request.json#/methods/ApplyChangeEnvelopes",
        [0x9c, 0xb1, 0x46, 0x5d, 0xa7, 0x4f, 0x69, 0x6e, 0x97, 0x10, 0x91, 0x06, 0x18, 0x5e, 0x8c, 0xf0, 0x54, 0x5d, 0x52, 0x8e, 0x8a, 0xd7, 0x14, 0x1a, 0x7f, 0x5b, 0x83, 0x33, 0xd9, 0xd6, 0x62, 0x44],
    ),
    (
        "ApplyLedger",
        "contract/schemas/method.request.json#/methods/ApplyLedger",
        [0xe4, 0x19, 0x4c, 0xa2, 0x7e, 0xce, 0x4f, 0xcc, 0x5f, 0x77, 0x34, 0x31, 0xc7, 0x39, 0x0d, 0x88, 0x6e, 0x9d, 0xf7, 0x55, 0x82, 0x0f, 0xba, 0xa9, 0x02, 0x40, 0x44, 0xd9, 0x40, 0xac, 0x53, 0xaf],
    ),
    (
        "ApplyMultisigMutation",
        "contract/schemas/method.request.json#/methods/ApplyMultisigMutation",
        [0x54, 0x4a, 0x35, 0x7d, 0x4d, 0xe9, 0xf8, 0x6a, 0x4f, 0xed, 0x37, 0xdd, 0x6c, 0xe7, 0x80, 0xd4, 0x98, 0xc5, 0xb3, 0x21, 0x71, 0x1e, 0x88, 0x76, 0xc8, 0x87, 0xd8, 0x00, 0xd6, 0x9a, 0x11, 0x96],
    ),
    (
        "ApplyMutation",
        "contract/schemas/method.request.json#/methods/ApplyMutation",
        [0x74, 0xbb, 0xe6, 0x3e, 0xcd, 0xb0, 0x82, 0x8c, 0x7d, 0x96, 0xea, 0xce, 0x05, 0xa7, 0x32, 0x7f, 0x12, 0x21, 0x78, 0xa5, 0xe4, 0xd4, 0x19, 0xb9, 0x43, 0x54, 0x2f, 0x03, 0xbe, 0xef, 0x63, 0x6c],
    ),
    (
        "Asr",
        "contract/schemas/method.request.json#/methods/Asr",
        [0x18, 0xd8, 0x93, 0xe6, 0x8a, 0x5d, 0x9e, 0x2a, 0xcb, 0xb5, 0x09, 0x56, 0xdd, 0xed, 0xa1, 0x48, 0x4b, 0x12, 0xf2, 0x30, 0xac, 0xfa, 0x5d, 0xfa, 0xb9, 0x16, 0x58, 0x62, 0xf3, 0x39, 0x4c, 0x88],
    ),
    (
        "AuditProveInclusion",
        "contract/schemas/method.request.json#/methods/AuditProveInclusion",
        [0x62, 0xd5, 0xe0, 0xdb, 0x5b, 0xef, 0x93, 0x31, 0x2e, 0x47, 0xaf, 0xde, 0x47, 0x1f, 0x23, 0xa2, 0xfd, 0xcd, 0x49, 0x96, 0xe2, 0xb6, 0xe8, 0x66, 0x77, 0xb9, 0xe8, 0x7f, 0x47, 0xc1, 0x39, 0x0a],
    ),
    (
        "AuditVerify",
        "contract/schemas/method.request.json#/methods/AuditVerify",
        [0x69, 0xcf, 0xe3, 0xa0, 0xb1, 0x45, 0xc9, 0xc9, 0x89, 0xd0, 0x0e, 0xe2, 0xe9, 0x54, 0xb7, 0xde, 0x96, 0x9f, 0x54, 0x57, 0x2b, 0xe2, 0x92, 0x20, 0xdf, 0x2d, 0x55, 0x31, 0xa0, 0xd7, 0xf1, 0x20],
    ),
    (
        "Backup",
        "contract/schemas/method.request.json#/methods/Backup",
        [0x6e, 0xdb, 0xe0, 0xa1, 0xc4, 0x43, 0x16, 0x77, 0xe5, 0x11, 0xc2, 0x49, 0x6e, 0x63, 0xf0, 0x0d, 0xc6, 0x81, 0x5c, 0x2f, 0x09, 0x61, 0xc6, 0xbc, 0x24, 0xf2, 0x5d, 0x9f, 0xfb, 0x90, 0x67, 0x8d],
    ),
    (
        "BatchL2Normalize",
        "contract/schemas/method.request.json#/methods/BatchL2Normalize",
        [0xac, 0xe0, 0x5c, 0x22, 0x0f, 0x67, 0x93, 0x6d, 0xda, 0x6e, 0xa5, 0xed, 0x4f, 0xaf, 0xc3, 0x3a, 0x18, 0x7a, 0xa7, 0x84, 0xcd, 0xce, 0x43, 0x5d, 0x26, 0x7e, 0xf4, 0xbc, 0x50, 0xca, 0xb8, 0x0c],
    ),
    (
        "BatchUpdate",
        "contract/schemas/method.request.json#/methods/BatchUpdate",
        [0x7b, 0xab, 0x08, 0x28, 0x18, 0xac, 0xf5, 0xb9, 0x13, 0x1e, 0xc2, 0x87, 0xf0, 0xb2, 0x2d, 0xa2, 0x50, 0x13, 0x6d, 0xd2, 0x9c, 0x2f, 0x82, 0x10, 0x53, 0x18, 0x6e, 0x74, 0x6d, 0x67, 0x70, 0x0e],
    ),
    (
        "BeginTxn",
        "contract/schemas/method.request.json#/methods/BeginTxn",
        [0x9a, 0xaf, 0xfa, 0x3f, 0xe6, 0x09, 0x33, 0xae, 0x93, 0xb2, 0x8a, 0x93, 0x9e, 0x46, 0xf6, 0xcc, 0x9b, 0xa1, 0x48, 0xa6, 0xc6, 0x57, 0xc0, 0x61, 0x86, 0x5e, 0x5f, 0xbf, 0xb8, 0x75, 0xb6, 0xdc],
    ),
    (
        "BestTrajectory",
        "contract/schemas/method.request.json#/methods/BestTrajectory",
        [0x6f, 0xd0, 0xa5, 0x8b, 0x17, 0x45, 0xc9, 0x22, 0x0e, 0x9b, 0x7c, 0x5b, 0xff, 0xed, 0xaa, 0xd3, 0x6b, 0x2c, 0x2a, 0x08, 0x64, 0x95, 0xdc, 0x17, 0x02, 0xab, 0x0e, 0x1c, 0xfd, 0x45, 0xc2, 0xe0],
    ),
    (
        "BetweennessCentrality",
        "contract/schemas/method.request.json#/methods/BetweennessCentrality",
        [0x43, 0xaf, 0x69, 0x7c, 0xdb, 0x06, 0xe4, 0xe5, 0xd5, 0x6d, 0xf6, 0xe9, 0x93, 0x03, 0xae, 0x27, 0x2f, 0xb6, 0xbb, 0x30, 0x98, 0x48, 0x02, 0xf2, 0x9c, 0xd1, 0x3c, 0x08, 0xa2, 0x1e, 0xa4, 0x5e],
    ),
    (
        "BindQueue",
        "contract/schemas/method.request.json#/methods/BindQueue",
        [0xe4, 0x44, 0x75, 0x94, 0xd5, 0x18, 0xb0, 0x92, 0x25, 0x1a, 0xf2, 0xe8, 0xf4, 0xaa, 0xcb, 0x1d, 0xb6, 0x19, 0x28, 0x46, 0x3e, 0x6d, 0x08, 0x03, 0xdd, 0xce, 0x3b, 0x9e, 0x3c, 0x0a, 0x97, 0x79],
    ),
    (
        "BlobBegin",
        "contract/schemas/method.request.json#/methods/BlobBegin",
        [0x25, 0xb7, 0x72, 0x76, 0xae, 0xbf, 0x0a, 0x0e, 0x9f, 0xda, 0x94, 0x8f, 0x7d, 0x27, 0x38, 0x53, 0xa4, 0xba, 0xb3, 0x56, 0xe2, 0x5b, 0x89, 0xa3, 0x50, 0x15, 0xe1, 0x02, 0x6e, 0xdd, 0xc1, 0x0e],
    ),
    (
        "BlobChunkGet",
        "contract/schemas/method.request.json#/methods/BlobChunkGet",
        [0x83, 0x1e, 0x1a, 0x19, 0xd8, 0x01, 0x02, 0xae, 0x0b, 0xc3, 0x7b, 0x4b, 0x06, 0xc9, 0x8e, 0x8f, 0xe9, 0x6e, 0x06, 0x3b, 0x5b, 0xd3, 0xba, 0x35, 0x4e, 0x78, 0x55, 0xde, 0x60, 0x1d, 0x60, 0x25],
    ),
    (
        "BlobChunkPut",
        "contract/schemas/method.request.json#/methods/BlobChunkPut",
        [0x06, 0x79, 0x2b, 0x27, 0xb2, 0x60, 0x68, 0x3a, 0xd0, 0x1e, 0xec, 0xd1, 0x8d, 0xb9, 0x65, 0xf7, 0xe9, 0x01, 0x25, 0x6e, 0xe6, 0x1c, 0xfa, 0x35, 0x13, 0x1a, 0xf7, 0x10, 0x7d, 0x88, 0xf3, 0xac],
    ),
    (
        "BlobCommit",
        "contract/schemas/method.request.json#/methods/BlobCommit",
        [0xcf, 0xca, 0x53, 0xf8, 0xd8, 0x9c, 0x12, 0x8e, 0x41, 0x01, 0xe1, 0xd2, 0x14, 0x8f, 0x80, 0xa4, 0x37, 0xb1, 0xdf, 0xb5, 0x49, 0xcf, 0x43, 0x21, 0xe3, 0x39, 0xfd, 0x0e, 0xaf, 0x69, 0x4b, 0x59],
    ),
    (
        "BlobFetchBegin",
        "contract/schemas/method.request.json#/methods/BlobFetchBegin",
        [0xc0, 0x6f, 0x83, 0x45, 0xfd, 0xbb, 0xa6, 0xff, 0x1b, 0x62, 0x1d, 0x42, 0xca, 0xfc, 0x91, 0xf0, 0xe6, 0xd4, 0x13, 0x55, 0x9d, 0x35, 0xf7, 0xea, 0x39, 0x89, 0x93, 0x91, 0xf3, 0x44, 0x86, 0x0e],
    ),
    (
        "BlobFetchEnd",
        "contract/schemas/method.request.json#/methods/BlobFetchEnd",
        [0x2b, 0x69, 0x8d, 0xc3, 0xc2, 0x8f, 0x87, 0x31, 0x07, 0xe6, 0x7b, 0x85, 0xc9, 0xcc, 0x0d, 0xfa, 0x91, 0x55, 0x36, 0x50, 0x8f, 0xa6, 0xee, 0x7f, 0xb5, 0x99, 0x7f, 0xeb, 0x99, 0xc1, 0x3d, 0x72],
    ),
    (
        "BlobGc",
        "contract/schemas/method.request.json#/methods/BlobGc",
        [0x35, 0x1e, 0x55, 0x3e, 0x8f, 0xf1, 0xca, 0x4d, 0x5f, 0x30, 0x4a, 0x49, 0x67, 0x70, 0xc6, 0xda, 0x90, 0x08, 0xb6, 0xd8, 0x34, 0x90, 0x26, 0x20, 0x49, 0xb3, 0x40, 0xeb, 0xbe, 0xb2, 0xfb, 0x90],
    ),
    (
        "BlobRef",
        "contract/schemas/method.request.json#/methods/BlobRef",
        [0xde, 0xb6, 0xa2, 0x3e, 0xe8, 0x3d, 0xcb, 0x11, 0x47, 0x5d, 0x27, 0x4f, 0xcd, 0x24, 0xee, 0x9c, 0x83, 0x78, 0xe3, 0x5f, 0xbc, 0x7d, 0x45, 0x54, 0x08, 0xb6, 0x48, 0x7f, 0x84, 0x0e, 0x56, 0xa4],
    ),
    (
        "BlobUnref",
        "contract/schemas/method.request.json#/methods/BlobUnref",
        [0xeb, 0x74, 0xec, 0xc0, 0x6b, 0xc9, 0x93, 0x55, 0x34, 0x79, 0x82, 0x5d, 0x68, 0x9c, 0x2c, 0x53, 0x42, 0x09, 0x26, 0x83, 0x34, 0xab, 0x6d, 0xe8, 0x62, 0x62, 0x8c, 0x18, 0x6a, 0x95, 0xf2, 0xa0],
    ),
    (
        "BrokerAck",
        "contract/schemas/method.request.json#/methods/BrokerAck",
        [0x5a, 0x25, 0x28, 0x5c, 0x98, 0x79, 0xf2, 0x16, 0x30, 0xe8, 0x38, 0x29, 0xb4, 0x36, 0x1c, 0x32, 0x2a, 0xc4, 0x1d, 0x3e, 0x6d, 0xc8, 0x38, 0x06, 0xbe, 0xcb, 0x26, 0x9d, 0xbe, 0x26, 0x1e, 0x5e],
    ),
    (
        "BrokerAckTag",
        "contract/schemas/method.request.json#/methods/BrokerAckTag",
        [0x74, 0xb9, 0x4b, 0xa6, 0x1b, 0x60, 0x78, 0xa1, 0x9f, 0x35, 0xd5, 0x1f, 0xc2, 0x2d, 0x26, 0x01, 0x4e, 0x8b, 0xb7, 0xd1, 0xd5, 0x16, 0x90, 0xbc, 0xa5, 0xd2, 0x95, 0x70, 0xae, 0x23, 0xcf, 0xe9],
    ),
    (
        "BrokerConsume",
        "contract/schemas/method.request.json#/methods/BrokerConsume",
        [0x1a, 0x11, 0xb6, 0x95, 0xb7, 0x56, 0x50, 0xdb, 0x2c, 0xfa, 0xee, 0xec, 0x0c, 0xb5, 0xe8, 0xe7, 0x13, 0x62, 0x1f, 0xec, 0x66, 0x4c, 0x4e, 0x16, 0xf7, 0x74, 0xfe, 0x58, 0xf5, 0x1b, 0xd5, 0x6b],
    ),
    (
        "BrokerNackTag",
        "contract/schemas/method.request.json#/methods/BrokerNackTag",
        [0xe8, 0x19, 0x44, 0x50, 0xec, 0xc1, 0x14, 0xbf, 0x26, 0xf9, 0x6e, 0xa7, 0x65, 0xec, 0x99, 0x8e, 0x78, 0x5b, 0xfd, 0x6e, 0xc3, 0xb6, 0x09, 0x41, 0x33, 0x5e, 0xa8, 0xaa, 0xf5, 0x01, 0x27, 0x97],
    ),
    (
        "BrokerReject",
        "contract/schemas/method.request.json#/methods/BrokerReject",
        [0x96, 0xff, 0xf3, 0xee, 0x6e, 0x4d, 0xaf, 0xf6, 0xf3, 0x7b, 0x27, 0xa6, 0xe6, 0x31, 0x6f, 0xca, 0x1f, 0x28, 0x1a, 0x94, 0x21, 0x75, 0xb4, 0xe4, 0xdd, 0x2a, 0xd9, 0xf2, 0x8c, 0xe0, 0xaa, 0x49],
    ),
    (
        "BrokerRenewTag",
        "contract/schemas/method.request.json#/methods/BrokerRenewTag",
        [0x8f, 0x06, 0x54, 0xb9, 0xca, 0xa2, 0xb2, 0xc0, 0x47, 0x15, 0x7e, 0x2a, 0xff, 0xc4, 0x0a, 0xab, 0x00, 0x59, 0xc6, 0xa8, 0x73, 0x3a, 0x38, 0x74, 0x95, 0xbf, 0xe1, 0x17, 0x5d, 0x4c, 0xaf, 0x27],
    ),
    (
        "CancelRequest",
        "contract/schemas/method.request.json#/methods/CancelRequest",
        [0x77, 0xb6, 0xae, 0x25, 0x10, 0x7a, 0x9d, 0x39, 0xc7, 0xbb, 0x23, 0x62, 0xb2, 0x8e, 0xbe, 0xb7, 0xb6, 0x37, 0x16, 0xe6, 0x28, 0x03, 0x0c, 0xa5, 0x5d, 0x75, 0x57, 0x0f, 0x06, 0x36, 0x50, 0x01],
    ),
    (
        "CancelWorkItem",
        "contract/schemas/method.request.json#/methods/CancelWorkItem",
        [0xa0, 0xe5, 0x19, 0xaa, 0x32, 0x0e, 0xb7, 0xdf, 0x82, 0x57, 0xc7, 0xe6, 0x6a, 0x46, 0xc8, 0x4e, 0x78, 0x1f, 0xfb, 0x2c, 0x58, 0x15, 0xcb, 0xd1, 0xd8, 0x38, 0x75, 0x7e, 0x29, 0xca, 0x35, 0x44],
    ),
    (
        "CapacityStatus",
        "contract/schemas/method.request.json#/methods/CapacityStatus",
        [0x38, 0x89, 0xbb, 0x3c, 0x54, 0x9c, 0x93, 0x86, 0x7a, 0x41, 0xca, 0x0e, 0x11, 0xa3, 0x6e, 0x03, 0xf6, 0xa9, 0x68, 0x00, 0x12, 0x24, 0x99, 0x3c, 0x3d, 0x64, 0xea, 0xb6, 0xbc, 0x26, 0x7f, 0xea],
    ),
    (
        "CasWorkItemMetadata",
        "contract/schemas/method.request.json#/methods/CasWorkItemMetadata",
        [0x6e, 0xbb, 0x35, 0x93, 0x2f, 0x9f, 0x64, 0x6d, 0x09, 0xe0, 0x39, 0x99, 0x0c, 0x99, 0xb1, 0xb6, 0x5b, 0xf1, 0x89, 0x60, 0xcd, 0xd7, 0xc5, 0x82, 0xf0, 0xd2, 0xe1, 0x0d, 0x1d, 0x00, 0xb6, 0xed],
    ),
    (
        "CatalogAssign",
        "contract/schemas/method.request.json#/methods/CatalogAssign",
        [0x9b, 0xa9, 0x77, 0x60, 0xc3, 0x3a, 0xc7, 0x4c, 0x9c, 0xb0, 0x79, 0x70, 0xb0, 0xc4, 0x0f, 0x4b, 0x2e, 0xb2, 0x31, 0x59, 0x1e, 0xca, 0x54, 0x1a, 0x81, 0x0d, 0x6a, 0xc3, 0x02, 0x1d, 0x8f, 0x58],
    ),
    (
        "CatalogList",
        "contract/schemas/method.request.json#/methods/CatalogList",
        [0x65, 0x55, 0xb5, 0x1b, 0x1d, 0x6a, 0x44, 0x3c, 0x82, 0x20, 0x58, 0xb0, 0xa9, 0xa3, 0x7c, 0x37, 0xae, 0xf1, 0x19, 0x51, 0x91, 0xe2, 0xd5, 0xf1, 0xb8, 0xe5, 0xb7, 0xf2, 0x34, 0x97, 0xa2, 0x43],
    ),
    (
        "CatalogReassign",
        "contract/schemas/method.request.json#/methods/CatalogReassign",
        [0x5a, 0x5e, 0xb1, 0x5d, 0x67, 0x86, 0x77, 0x76, 0x10, 0xfb, 0x01, 0xcc, 0xe0, 0x14, 0xce, 0xcf, 0x92, 0xee, 0x4e, 0x88, 0xaa, 0xe6, 0x00, 0x7c, 0x4e, 0x31, 0x88, 0x14, 0x8a, 0x36, 0xc0, 0x78],
    ),
    (
        "CatalogRemove",
        "contract/schemas/method.request.json#/methods/CatalogRemove",
        [0x98, 0xd7, 0x22, 0x3f, 0xef, 0xe3, 0xb8, 0xb0, 0x06, 0x6d, 0x4c, 0xe8, 0x09, 0x85, 0x91, 0x17, 0xf7, 0x69, 0x7a, 0x93, 0x3d, 0xf3, 0x2f, 0x70, 0xb4, 0x49, 0x5f, 0x5d, 0xc6, 0x8a, 0xd2, 0x76],
    ),
    (
        "CausalCounterfactual",
        "contract/schemas/method.request.json#/methods/CausalCounterfactual",
        [0x56, 0xe7, 0x15, 0xdc, 0x07, 0x76, 0x1a, 0xd7, 0x09, 0x67, 0xc2, 0xb9, 0xd4, 0x6e, 0x2b, 0xbc, 0xf3, 0xb3, 0x93, 0x5f, 0x25, 0xba, 0x14, 0xc9, 0x17, 0xa6, 0x7a, 0xd4, 0x71, 0x7b, 0xff, 0x98],
    ),
    (
        "CausalEstimate",
        "contract/schemas/method.request.json#/methods/CausalEstimate",
        [0x4d, 0xe7, 0x68, 0x00, 0xbc, 0x75, 0xad, 0x96, 0x88, 0xce, 0x4a, 0x5a, 0xf8, 0xae, 0x0e, 0x86, 0xc7, 0x57, 0xca, 0xb1, 0x69, 0x7e, 0xde, 0x4c, 0x34, 0x27, 0xc1, 0x39, 0x8d, 0x92, 0x28, 0x11],
    ),
    (
        "CdcRead",
        "contract/schemas/method.request.json#/methods/CdcRead",
        [0x51, 0xf1, 0x8a, 0x05, 0x24, 0xe4, 0xeb, 0xb4, 0x84, 0xa1, 0x24, 0x67, 0x49, 0xde, 0x93, 0xd6, 0x0e, 0xf5, 0xb1, 0x00, 0x22, 0xc0, 0xd4, 0xb1, 0x7d, 0x91, 0x83, 0xb8, 0x45, 0x83, 0x05, 0xdf],
    ),
    (
        "CepPoll",
        "contract/schemas/method.request.json#/methods/CepPoll",
        [0x61, 0xb9, 0xf6, 0x7c, 0xc5, 0xef, 0x65, 0x5d, 0x94, 0xb8, 0x4d, 0x32, 0xa3, 0x7c, 0x00, 0x4c, 0xce, 0x9f, 0x1d, 0x73, 0x67, 0x85, 0xb9, 0x8c, 0x95, 0x22, 0xb5, 0x03, 0xa1, 0x1e, 0xaf, 0x08],
    ),
    (
        "CepSubscribe",
        "contract/schemas/method.request.json#/methods/CepSubscribe",
        [0xb3, 0x6f, 0x84, 0x74, 0xff, 0x95, 0x09, 0x07, 0xde, 0xcc, 0x30, 0xd0, 0x9e, 0x03, 0xcc, 0x47, 0x84, 0xc8, 0x46, 0x75, 0x5d, 0x70, 0xc8, 0x6a, 0xea, 0x6e, 0x41, 0x00, 0x11, 0x2f, 0x5c, 0xcb],
    ),
    (
        "CepUnsubscribe",
        "contract/schemas/method.request.json#/methods/CepUnsubscribe",
        [0x74, 0xe6, 0xd1, 0x05, 0x5a, 0x9c, 0x8b, 0x4a, 0x0b, 0xcb, 0xd3, 0x66, 0xcf, 0x50, 0x62, 0xb7, 0x2d, 0x15, 0x56, 0xa5, 0x20, 0x34, 0xe6, 0x09, 0xbb, 0x17, 0x76, 0x4f, 0xa6, 0x12, 0x1c, 0xfd],
    ),
    (
        "ClaimNext",
        "contract/schemas/method.request.json#/methods/ClaimNext",
        [0xc2, 0x69, 0x1a, 0x7e, 0xae, 0x1b, 0xe7, 0x31, 0x83, 0xf2, 0x31, 0x8d, 0xab, 0x8c, 0x45, 0x42, 0x0c, 0xbd, 0x4e, 0xb1, 0x7e, 0x38, 0x38, 0x66, 0xb1, 0xf6, 0xa6, 0x59, 0x45, 0x18, 0x02, 0x36],
    ),
    (
        "ClaimWorkItem",
        "contract/schemas/method.request.json#/methods/ClaimWorkItem",
        [0x41, 0x98, 0x79, 0x19, 0x39, 0xb6, 0x99, 0xa1, 0x69, 0x52, 0xca, 0x5c, 0x74, 0x08, 0x0b, 0x9a, 0x5a, 0xc8, 0xcf, 0xd7, 0x47, 0xf9, 0xb6, 0xb2, 0x27, 0x0f, 0xba, 0x06, 0x7b, 0x57, 0x93, 0x6b],
    ),
    (
        "CleanupDevelopmentLane",
        "contract/schemas/method.request.json#/methods/CleanupDevelopmentLane",
        [0xc3, 0x84, 0xd6, 0x71, 0x85, 0xf1, 0xb2, 0x45, 0x4b, 0x75, 0xd3, 0xfe, 0xda, 0x55, 0x48, 0x37, 0x94, 0x56, 0x14, 0xa6, 0xa6, 0x41, 0x73, 0xe5, 0x82, 0xec, 0x36, 0x5a, 0xb2, 0xe8, 0x4e, 0x76],
    ),
    (
        "ClearGraph",
        "contract/schemas/method.request.json#/methods/ClearGraph",
        [0x0a, 0x68, 0x13, 0x9e, 0x79, 0x7c, 0xb0, 0x8e, 0xab, 0xb7, 0xb7, 0xee, 0x95, 0xcd, 0x83, 0xdc, 0x94, 0x7f, 0x92, 0x00, 0x86, 0x64, 0x52, 0x15, 0xdb, 0x62, 0xf5, 0x03, 0x80, 0xee, 0x08, 0x57],
    ),
    (
        "ClearLedger",
        "contract/schemas/method.request.json#/methods/ClearLedger",
        [0x88, 0xf4, 0xbc, 0xd3, 0xfe, 0xf1, 0x53, 0x33, 0xad, 0xf8, 0x38, 0x8f, 0xc9, 0x72, 0x79, 0x86, 0x21, 0x11, 0x44, 0x52, 0x3c, 0x31, 0x00, 0x75, 0x21, 0x09, 0x6f, 0x13, 0xf4, 0x05, 0x50, 0xf6],
    ),
    (
        "CloseChannel",
        "contract/schemas/method.request.json#/methods/CloseChannel",
        [0xc4, 0x2c, 0xf1, 0x8d, 0x0a, 0xa6, 0x81, 0x67, 0xa6, 0x93, 0xdf, 0x55, 0x51, 0x4e, 0x13, 0x0d, 0x0d, 0xd1, 0x85, 0x4b, 0x0e, 0x21, 0xad, 0x42, 0x69, 0xe3, 0x9b, 0x52, 0x3b, 0x69, 0x0a, 0x7f],
    ),
    (
        "ClusterHierarchyClusters",
        "contract/schemas/method.request.json#/methods/ClusterHierarchyClusters",
        [0x0f, 0x0d, 0x7e, 0x91, 0xa7, 0xa0, 0x7f, 0x63, 0x6a, 0x0f, 0x8c, 0x7e, 0x56, 0xc4, 0x41, 0x16, 0x33, 0x86, 0x5f, 0x21, 0x5c, 0x19, 0x6b, 0x64, 0xf8, 0xea, 0x2f, 0x6a, 0x73, 0xcc, 0x27, 0x10],
    ),
    (
        "ClusterHierarchyExpand",
        "contract/schemas/method.request.json#/methods/ClusterHierarchyExpand",
        [0x00, 0x87, 0x88, 0x93, 0x99, 0xae, 0x70, 0x2d, 0xc1, 0xbb, 0x58, 0x33, 0xd3, 0x51, 0x11, 0x5f, 0xd6, 0xb5, 0x7f, 0x1f, 0x83, 0x72, 0x93, 0x31, 0xf9, 0xc3, 0x05, 0x6b, 0xd5, 0xb8, 0x36, 0xad],
    ),
    (
        "ClusterHierarchyRefresh",
        "contract/schemas/method.request.json#/methods/ClusterHierarchyRefresh",
        [0xdd, 0x7a, 0x5d, 0xa5, 0x9b, 0x5b, 0x42, 0x67, 0xff, 0x3a, 0x13, 0xb4, 0x51, 0x62, 0x42, 0x51, 0x3f, 0x07, 0xeb, 0xbf, 0x71, 0xc6, 0x5c, 0xac, 0xfb, 0x37, 0x75, 0x94, 0x78, 0x4f, 0x41, 0xa0],
    ),
    (
        "ClusterMembers",
        "contract/schemas/method.request.json#/methods/ClusterMembers",
        [0x01, 0xb9, 0x6a, 0x24, 0x9b, 0xad, 0xfa, 0x18, 0xc3, 0xef, 0x35, 0xdd, 0x65, 0xa0, 0xa3, 0x78, 0x6e, 0xdf, 0x37, 0x47, 0xab, 0x1d, 0xa8, 0xd8, 0x5c, 0xe0, 0x78, 0xc9, 0xe2, 0x2b, 0x6d, 0xde],
    ),
    (
        "Commit",
        "contract/schemas/method.request.json#/methods/Commit",
        [0x94, 0x48, 0xa1, 0x66, 0xfe, 0xed, 0x26, 0x6a, 0x7b, 0x39, 0xc0, 0xef, 0xc9, 0x64, 0x8a, 0xd7, 0x5f, 0xb6, 0x50, 0x6f, 0xa7, 0x96, 0xbe, 0x43, 0xcb, 0x32, 0x2d, 0x07, 0xe8, 0x1e, 0xc8, 0xc9],
    ),
    (
        "CommitWorkItemResult",
        "contract/schemas/method.request.json#/methods/CommitWorkItemResult",
        [0xb3, 0x09, 0xf8, 0xb5, 0xba, 0x56, 0x84, 0xfa, 0xb1, 0xa7, 0x5b, 0xb1, 0xf1, 0xd6, 0xe4, 0x13, 0x2a, 0x19, 0x21, 0xc7, 0xc6, 0x92, 0xbc, 0x45, 0x54, 0x2f, 0x13, 0xcc, 0x0b, 0x53, 0x64, 0xa6],
    ),
    (
        "CommunityDetectEphemeral",
        "contract/schemas/method.request.json#/methods/CommunityDetectEphemeral",
        [0x97, 0x36, 0xa6, 0x2f, 0xef, 0x21, 0x7d, 0xb7, 0x6a, 0x9e, 0x97, 0x7c, 0x09, 0xa3, 0xa9, 0x29, 0xa0, 0xdf, 0x3a, 0x81, 0xd3, 0xd4, 0xde, 0xd2, 0x75, 0x7b, 0xbc, 0xe9, 0xdf, 0x68, 0x1b, 0x71],
    ),
    (
        "CommunityDetection",
        "contract/schemas/method.request.json#/methods/CommunityDetection",
        [0x0b, 0x89, 0xd0, 0xcd, 0x1c, 0xc7, 0x2f, 0x9f, 0xde, 0x91, 0x8b, 0x94, 0x53, 0x2a, 0x40, 0x58, 0x3c, 0x8b, 0x47, 0x86, 0x9d, 0xd3, 0x50, 0x2f, 0x1e, 0x41, 0x86, 0xc6, 0xcb, 0x34, 0xfb, 0xc4],
    ),
    (
        "CompactNodesByType",
        "contract/schemas/method.request.json#/methods/CompactNodesByType",
        [0x4a, 0x9f, 0xe2, 0xce, 0xfe, 0x4c, 0xd1, 0xcb, 0xab, 0x4c, 0x17, 0x58, 0xec, 0xf7, 0x03, 0x84, 0x1c, 0x2b, 0xf9, 0xbc, 0xf8, 0xdc, 0xa4, 0xee, 0x4d, 0x17, 0x1f, 0x3d, 0x5a, 0x94, 0x72, 0x14],
    ),
    (
        "CompareAndSetNodeFields",
        "contract/schemas/method.request.json#/methods/CompareAndSetNodeFields",
        [0x5f, 0x2f, 0x52, 0x2f, 0x2b, 0xda, 0x75, 0xc6, 0xbf, 0xc4, 0x06, 0xca, 0xfa, 0x6a, 0x4b, 0xb2, 0x7a, 0x55, 0x82, 0x4a, 0x04, 0xc2, 0x18, 0x24, 0x89, 0x4f, 0x33, 0x08, 0x58, 0x9e, 0x54, 0x13],
    ),
    (
        "ComputeSimilarityEdges",
        "contract/schemas/method.request.json#/methods/ComputeSimilarityEdges",
        [0x33, 0x8d, 0x3f, 0xb2, 0x29, 0xb5, 0x40, 0x3a, 0x26, 0x97, 0x89, 0x59, 0xf2, 0x11, 0xed, 0x87, 0xce, 0x4f, 0xd4, 0x60, 0x58, 0x3f, 0x0e, 0xf1, 0x49, 0x26, 0x50, 0xe4, 0x79, 0xf8, 0xbf, 0x95],
    ),
    (
        "ConnectedComponents",
        "contract/schemas/method.request.json#/methods/ConnectedComponents",
        [0x85, 0x24, 0x17, 0xd8, 0xe2, 0x16, 0x72, 0x9f, 0xd0, 0x3e, 0x58, 0xb9, 0xa8, 0x15, 0x52, 0xd0, 0x60, 0xd0, 0x20, 0x0f, 0x6b, 0xd5, 0xc5, 0xec, 0x49, 0x93, 0x03, 0x9c, 0x57, 0x77, 0x58, 0xb0],
    ),
    (
        "ConnectorPack",
        "contract/schemas/method.request.json#/methods/ConnectorPack",
        [0xd1, 0xf1, 0x25, 0x02, 0xac, 0x77, 0x5e, 0xe6, 0xf5, 0xe0, 0x34, 0x5e, 0x46, 0x0f, 0xad, 0x5d, 0x84, 0xc7, 0x8d, 0xf7, 0x1b, 0x57, 0x28, 0x8b, 0x3c, 0xac, 0x5a, 0xb5, 0xe6, 0xc5, 0x7f, 0x72],
    ),
    (
        "Consolidate",
        "contract/schemas/method.request.json#/methods/Consolidate",
        [0xae, 0xf1, 0xc2, 0xd0, 0xf0, 0xad, 0x4c, 0x0e, 0x66, 0x5b, 0x0f, 0x91, 0xe4, 0xa3, 0xc7, 0xc2, 0x17, 0x78, 0x6e, 0x11, 0xae, 0x81, 0x45, 0x75, 0xf2, 0x28, 0x58, 0xd7, 0x57, 0x78, 0xb3, 0x8f],
    ),
    (
        "CreateChannel",
        "contract/schemas/method.request.json#/methods/CreateChannel",
        [0x21, 0xf4, 0xe3, 0xee, 0xea, 0xe6, 0x71, 0x35, 0xbc, 0xf6, 0x91, 0x34, 0xef, 0x2d, 0xdf, 0x06, 0x7a, 0xf4, 0xc5, 0x54, 0xdf, 0xfb, 0x5e, 0x5c, 0x66, 0x62, 0x7d, 0xfe, 0x62, 0xa4, 0xa4, 0x64],
    ),
    (
        "CreateGraph",
        "contract/schemas/method.request.json#/methods/CreateGraph",
        [0x67, 0xcc, 0xce, 0x9a, 0x69, 0xba, 0xae, 0x91, 0x0a, 0x78, 0x09, 0x06, 0x16, 0x7d, 0x52, 0xa2, 0xe2, 0x1f, 0x10, 0xad, 0xc5, 0x35, 0x3e, 0x48, 0x8a, 0x11, 0x8a, 0x56, 0x90, 0x04, 0x26, 0xdb],
    ),
    (
        "CreateMatView",
        "contract/schemas/method.request.json#/methods/CreateMatView",
        [0xa8, 0x78, 0x8d, 0xfa, 0x4a, 0xa3, 0xff, 0x10, 0x33, 0x90, 0x6e, 0x87, 0xb9, 0x0d, 0xe2, 0x73, 0x74, 0x28, 0xe3, 0xf0, 0x2a, 0x7c, 0x2c, 0xed, 0xc2, 0x22, 0x52, 0x4c, 0xbf, 0x29, 0xce, 0xa6],
    ),
    (
        "CreateNodeIfAbsent",
        "contract/schemas/method.request.json#/methods/CreateNodeIfAbsent",
        [0xd2, 0x5f, 0x91, 0x17, 0xa1, 0x99, 0x60, 0x29, 0xbe, 0x2c, 0xee, 0x94, 0x8f, 0x42, 0x18, 0x2a, 0x0e, 0x0b, 0x22, 0x16, 0xd5, 0xbf, 0xe7, 0xb6, 0x74, 0x1d, 0x7c, 0x24, 0xce, 0x27, 0x62, 0x38],
    ),
    (
        "CreateSummaryNode",
        "contract/schemas/method.request.json#/methods/CreateSummaryNode",
        [0x5b, 0xed, 0x51, 0x8d, 0xbb, 0x06, 0xd7, 0x09, 0x49, 0x4c, 0xc2, 0x4d, 0xbd, 0x75, 0x84, 0x74, 0x17, 0x34, 0x6c, 0x98, 0xd8, 0x7e, 0x67, 0x6e, 0x3d, 0x9c, 0x8b, 0x5e, 0x5c, 0x4b, 0x75, 0x54],
    ),
    (
        "CypherQuery",
        "contract/schemas/method.request.json#/methods/CypherQuery",
        [0x2e, 0xe5, 0x54, 0xe4, 0xe1, 0x51, 0xa1, 0xe9, 0xb8, 0xb5, 0xc6, 0x70, 0x8b, 0x0b, 0xcd, 0xe9, 0x7a, 0x5f, 0x24, 0x1d, 0x20, 0x5a, 0x51, 0xe8, 0xf9, 0x54, 0x3b, 0xda, 0xa0, 0x4e, 0xd0, 0x64],
    ),
    (
        "DecayMemories",
        "contract/schemas/method.request.json#/methods/DecayMemories",
        [0xa5, 0xb0, 0x39, 0x35, 0x94, 0x69, 0x4d, 0x9f, 0xcb, 0x00, 0xba, 0xf7, 0x20, 0x3f, 0x53, 0xc5, 0x81, 0xd6, 0xb6, 0xd8, 0x52, 0xf9, 0x1b, 0x42, 0xe7, 0x4b, 0x92, 0x92, 0x45, 0x2a, 0x41, 0xe5],
    ),
    (
        "DecayNode",
        "contract/schemas/method.request.json#/methods/DecayNode",
        [0x6f, 0x75, 0xd7, 0x01, 0x8a, 0xca, 0xe7, 0x5b, 0x43, 0x72, 0x86, 0x5b, 0x56, 0xf4, 0xd8, 0xc9, 0x7d, 0x77, 0xd0, 0x82, 0xf2, 0xb1, 0xeb, 0x7b, 0x29, 0xc2, 0x62, 0x3d, 0x1d, 0xf5, 0xe6, 0x66],
    ),
    (
        "DecaySweep",
        "contract/schemas/method.request.json#/methods/DecaySweep",
        [0xd8, 0x9d, 0xd8, 0x9f, 0xd3, 0xef, 0x53, 0x7d, 0xd9, 0xdc, 0x34, 0x78, 0x9d, 0x72, 0xb9, 0x8a, 0x77, 0x8b, 0x33, 0x08, 0x7e, 0x33, 0xa7, 0x70, 0x25, 0x6e, 0xab, 0x4c, 0x82, 0xe0, 0x33, 0xf1],
    ),
    (
        "Decide",
        "contract/schemas/method.request.json#/methods/Decide",
        [0xcf, 0x8c, 0x1e, 0x41, 0x8e, 0x6f, 0xb1, 0xd1, 0xab, 0x84, 0xfb, 0xe8, 0xbc, 0xd9, 0xcb, 0x6d, 0xee, 0xda, 0x3f, 0x32, 0x3e, 0x48, 0x93, 0x1f, 0xf5, 0x6c, 0x3b, 0x0c, 0xa4, 0x7f, 0xc2, 0x17],
    ),
    (
        "DecisionCommit",
        "contract/schemas/method.request.json#/methods/DecisionCommit",
        [0x59, 0xb8, 0x5b, 0x49, 0xff, 0x6f, 0x77, 0x39, 0xa1, 0x26, 0x2d, 0xf0, 0x06, 0x1b, 0x7b, 0x88, 0x30, 0x48, 0x5e, 0x6c, 0x9d, 0x0e, 0xff, 0xfe, 0x5a, 0x93, 0x8f, 0x5f, 0xed, 0xe4, 0x33, 0x1a],
    ),
    (
        "DecisionEval",
        "contract/schemas/method.request.json#/methods/DecisionEval",
        [0x83, 0xe4, 0x52, 0xf9, 0x8f, 0xa5, 0x23, 0xe9, 0xf8, 0xe1, 0x67, 0x78, 0x1e, 0x45, 0xb8, 0xb1, 0x94, 0xac, 0x6c, 0xe6, 0x29, 0xbd, 0xbc, 0xab, 0x34, 0x8a, 0x7a, 0xc4, 0xd5, 0xe1, 0xc2, 0x4f],
    ),
    (
        "DecisionFit",
        "contract/schemas/method.request.json#/methods/DecisionFit",
        [0x5e, 0xad, 0xd3, 0x85, 0x5b, 0x3d, 0x0a, 0x15, 0x08, 0xea, 0x29, 0xd1, 0xd7, 0xb4, 0x9b, 0xb1, 0x91, 0x55, 0x88, 0x33, 0x75, 0x4a, 0x00, 0x34, 0xe2, 0x06, 0xb6, 0x2e, 0x87, 0x46, 0xdc, 0x39],
    ),
    (
        "DeclareExchange",
        "contract/schemas/method.request.json#/methods/DeclareExchange",
        [0xb9, 0x1f, 0x91, 0x78, 0x5a, 0x29, 0xd1, 0x9f, 0xe9, 0xa2, 0xec, 0x3e, 0xcc, 0xc6, 0x32, 0x63, 0x39, 0x79, 0xb9, 0x13, 0xb1, 0x79, 0xc4, 0x56, 0x52, 0xcb, 0x9c, 0x42, 0xf9, 0xf7, 0x96, 0x5c],
    ),
    (
        "DeclareQueue",
        "contract/schemas/method.request.json#/methods/DeclareQueue",
        [0x8e, 0x29, 0x16, 0xe0, 0xad, 0xa8, 0xe6, 0xcb, 0x7f, 0xc1, 0x1a, 0x07, 0x65, 0xd0, 0x5c, 0xc1, 0x32, 0x68, 0x9a, 0x24, 0xad, 0x11, 0xe0, 0x17, 0x03, 0x22, 0x45, 0xe8, 0x47, 0x86, 0x50, 0x12],
    ),
    (
        "DeferWorkItem",
        "contract/schemas/method.request.json#/methods/DeferWorkItem",
        [0xa1, 0x75, 0x42, 0x9b, 0xb0, 0x43, 0x1d, 0x70, 0x2c, 0x12, 0xe9, 0xea, 0xd1, 0x13, 0xd1, 0x0b, 0x1c, 0x42, 0x62, 0x6c, 0xa0, 0x66, 0x5c, 0x59, 0xd9, 0xd2, 0x3f, 0x0a, 0x5d, 0xb8, 0x0b, 0xe6],
    ),
    (
        "DegreeCentrality",
        "contract/schemas/method.request.json#/methods/DegreeCentrality",
        [0xe4, 0x66, 0x13, 0xce, 0x87, 0xe1, 0x61, 0xf3, 0xec, 0xa1, 0xc6, 0xac, 0x3c, 0x9f, 0x5b, 0x15, 0x3b, 0x6a, 0xbe, 0x85, 0x3e, 0x9d, 0xdd, 0xc5, 0xc9, 0x17, 0x8f, 0x00, 0xec, 0x97, 0xd2, 0xca],
    ),
    (
        "DegreeCentralityAll",
        "contract/schemas/method.request.json#/methods/DegreeCentralityAll",
        [0x2c, 0x97, 0x05, 0xe1, 0x53, 0x35, 0x1b, 0x05, 0x75, 0x92, 0xf7, 0xa0, 0x58, 0xc2, 0xb5, 0x39, 0x0d, 0x3a, 0x45, 0xab, 0xb9, 0xe1, 0x02, 0xa9, 0xc4, 0x98, 0xd6, 0x33, 0xeb, 0xd0, 0x76, 0x7e],
    ),
    (
        "DeleteExchange",
        "contract/schemas/method.request.json#/methods/DeleteExchange",
        [0x81, 0x51, 0xd6, 0x2b, 0xe4, 0x4e, 0x21, 0x9e, 0xcb, 0xb8, 0xf1, 0x09, 0x5e, 0x59, 0x8d, 0x3f, 0x7d, 0xd9, 0xfa, 0x19, 0xf6, 0x75, 0xf5, 0x56, 0x81, 0xf8, 0xc6, 0x7a, 0xc0, 0x2f, 0x72, 0xa3],
    ),
    (
        "DeleteGraph",
        "contract/schemas/method.request.json#/methods/DeleteGraph",
        [0x59, 0x0c, 0x11, 0x90, 0xaf, 0xaf, 0x24, 0xe2, 0xd5, 0x31, 0x52, 0x12, 0xc7, 0xbb, 0x32, 0x57, 0x45, 0xd0, 0x35, 0x76, 0x4c, 0x5a, 0xb8, 0x8f, 0x2f, 0xe6, 0xa6, 0xde, 0x69, 0x54, 0x09, 0xd2],
    ),
    (
        "DevelopmentLaneStatus",
        "contract/schemas/method.request.json#/methods/DevelopmentLaneStatus",
        [0x20, 0x20, 0x83, 0x1c, 0xa9, 0x19, 0x48, 0xdb, 0xc5, 0x2f, 0xa2, 0xe6, 0x33, 0x12, 0xa2, 0xaa, 0x3a, 0x0f, 0x2a, 0xca, 0x48, 0xad, 0x33, 0x03, 0xfe, 0x3f, 0x28, 0x92, 0xeb, 0x89, 0x52, 0x52],
    ),
    (
        "DiffAgainst",
        "contract/schemas/method.request.json#/methods/DiffAgainst",
        [0xe5, 0x9b, 0x07, 0xb2, 0x95, 0x69, 0x45, 0x8d, 0xcb, 0xf6, 0x7e, 0xf8, 0x90, 0x21, 0xc3, 0x8f, 0x2c, 0xf6, 0x01, 0x92, 0x73, 0x48, 0x5c, 0xc5, 0xcf, 0xfd, 0xc3, 0xf9, 0xdf, 0xf5, 0x24, 0xb4],
    ),
    (
        "DiscountedReturn",
        "contract/schemas/method.request.json#/methods/DiscountedReturn",
        [0x49, 0x5e, 0x46, 0xb8, 0xed, 0xd0, 0xe0, 0x62, 0x93, 0x43, 0x02, 0xaa, 0x0e, 0x28, 0xc7, 0xe4, 0xf5, 0x78, 0x94, 0x26, 0x88, 0x4e, 0xb3, 0xd3, 0xf1, 0xa4, 0x76, 0x7d, 0xcb, 0x30, 0xd0, 0xf1],
    ),
    (
        "Discover",
        "contract/schemas/method.request.json#/methods/Discover",
        [0x31, 0x8b, 0x69, 0xa3, 0xc2, 0x9a, 0x97, 0xb0, 0xea, 0x51, 0x35, 0x2b, 0xcb, 0x0c, 0x6a, 0xa1, 0xb5, 0x8e, 0xe2, 0x1b, 0x17, 0x85, 0x4f, 0x33, 0x58, 0xcf, 0xa2, 0x0b, 0xea, 0xe7, 0x8b, 0xbd],
    ),
    (
        "DistributedCompute",
        "contract/schemas/method.request.json#/methods/DistributedCompute",
        [0x63, 0x88, 0xeb, 0x76, 0xca, 0x63, 0x5c, 0xaf, 0xa5, 0xe1, 0xb2, 0xb8, 0x3c, 0x2a, 0xd3, 0x55, 0x76, 0x01, 0x0d, 0xbb, 0xd3, 0xbe, 0xf2, 0xd7, 0x1c, 0x1c, 0x7d, 0x9d, 0x79, 0x6a, 0x0b, 0x97],
    ),
    (
        "DropContinuousQuery",
        "contract/schemas/method.request.json#/methods/DropContinuousQuery",
        [0xc5, 0x5d, 0x8b, 0x95, 0x10, 0x1e, 0x27, 0x8f, 0x76, 0x5e, 0x7f, 0xa8, 0x82, 0x45, 0x66, 0x88, 0x7a, 0x64, 0x63, 0xea, 0x37, 0x43, 0xd2, 0xd9, 0xa8, 0x7e, 0xc0, 0x44, 0xe6, 0x1e, 0x00, 0x7e],
    ),
    (
        "DropNamedGraph",
        "contract/schemas/method.request.json#/methods/DropNamedGraph",
        [0xdf, 0x5b, 0x47, 0x31, 0x37, 0xaa, 0x75, 0x88, 0x0c, 0x97, 0x54, 0x2d, 0x81, 0x13, 0xb0, 0xf2, 0x9e, 0x91, 0x4b, 0xf6, 0x4a, 0x13, 0x3c, 0x9c, 0x70, 0x92, 0x68, 0x0a, 0x99, 0xe5, 0x22, 0x2e],
    ),
    (
        "DropTrigger",
        "contract/schemas/method.request.json#/methods/DropTrigger",
        [0x4a, 0x2e, 0x91, 0x76, 0x23, 0x04, 0x4f, 0x26, 0x4d, 0xc3, 0x38, 0xca, 0x42, 0x3e, 0x14, 0x49, 0xc5, 0x4d, 0x4e, 0x0e, 0xa2, 0x4d, 0x7f, 0x4b, 0x80, 0xdf, 0x30, 0x03, 0xff, 0x04, 0xaf, 0x17],
    ),
    (
        "DsAdamStep",
        "contract/schemas/method.request.json#/methods/DsAdamStep",
        [0x8d, 0xdc, 0xee, 0xd9, 0x8c, 0x47, 0xc1, 0x8c, 0x12, 0xd6, 0x60, 0x8a, 0x21, 0xaf, 0x7d, 0x7f, 0x9f, 0xa9, 0x94, 0x8e, 0x9a, 0xd9, 0x21, 0xb8, 0x61, 0xb3, 0x28, 0xf4, 0x07, 0xed, 0x37, 0x8c],
    ),
    (
        "DsComputeStats",
        "contract/schemas/method.request.json#/methods/DsComputeStats",
        [0xa1, 0xae, 0xe2, 0x8d, 0x42, 0xc2, 0xf8, 0xd8, 0x68, 0x05, 0x28, 0x3e, 0xdf, 0x43, 0x86, 0x0d, 0xa1, 0x79, 0xd9, 0x55, 0xb9, 0xf4, 0xe6, 0xba, 0xb3, 0x73, 0x6f, 0xbd, 0xd3, 0x48, 0x53, 0x25],
    ),
    (
        "DsCrossEntropy",
        "contract/schemas/method.request.json#/methods/DsCrossEntropy",
        [0xd5, 0x40, 0x00, 0x9f, 0x68, 0x7f, 0xcb, 0x45, 0xb7, 0x32, 0x07, 0xfc, 0x15, 0x6a, 0xa9, 0xd5, 0x5d, 0x6a, 0x1d, 0x2c, 0xdf, 0x24, 0x54, 0xf9, 0x55, 0xb7, 0xef, 0x76, 0x57, 0xcd, 0x13, 0xd1],
    ),
    (
        "DsDpoLoss",
        "contract/schemas/method.request.json#/methods/DsDpoLoss",
        [0x65, 0xf4, 0x4d, 0xf9, 0xe4, 0xf1, 0x46, 0x30, 0x2c, 0x68, 0x30, 0x83, 0x00, 0x85, 0x35, 0x9b, 0x97, 0xc1, 0x6c, 0xd7, 0x62, 0x85, 0xd3, 0xb2, 0xee, 0x5b, 0x36, 0x4b, 0x6d, 0x8a, 0x5a, 0x34],
    ),
    (
        "DsFitEstimator",
        "contract/schemas/method.request.json#/methods/DsFitEstimator",
        [0xaa, 0x3b, 0x17, 0x75, 0x98, 0x93, 0xe6, 0x5b, 0xeb, 0x39, 0x02, 0x27, 0x74, 0x91, 0xa3, 0x47, 0x5b, 0xe0, 0x10, 0x54, 0xbd, 0x2d, 0x0b, 0x0e, 0x0b, 0x7d, 0x7b, 0xfa, 0x22, 0x86, 0xd4, 0x6a],
    ),
    (
        "DsGrpoSurrogate",
        "contract/schemas/method.request.json#/methods/DsGrpoSurrogate",
        [0x96, 0xef, 0xd1, 0xa8, 0x5c, 0x63, 0x11, 0x66, 0xea, 0x99, 0x80, 0x22, 0x88, 0x5b, 0x72, 0xba, 0xca, 0x41, 0x3c, 0x51, 0xa0, 0xf5, 0x99, 0x6b, 0x22, 0xd2, 0x23, 0x28, 0x8e, 0x53, 0x09, 0x37],
    ),
    (
        "DsKMeans",
        "contract/schemas/method.request.json#/methods/DsKMeans",
        [0x97, 0xac, 0xde, 0xd2, 0xc0, 0x30, 0x3d, 0x93, 0x79, 0x54, 0x34, 0x4e, 0xa5, 0xf8, 0x2b, 0xf1, 0xa2, 0xcb, 0x2b, 0x70, 0x8f, 0x5a, 0x54, 0x61, 0x15, 0x0c, 0x39, 0xbb, 0xda, 0x03, 0x46, 0xd9],
    ),
    (
        "DsKlDivergence",
        "contract/schemas/method.request.json#/methods/DsKlDivergence",
        [0x2e, 0x44, 0x3a, 0xcc, 0xd4, 0xa7, 0x3a, 0xf3, 0xf0, 0x16, 0xed, 0xb0, 0x98, 0xb7, 0x49, 0xe8, 0x48, 0x55, 0x47, 0xf3, 0xf4, 0x85, 0x56, 0xb2, 0x2a, 0xb8, 0x7a, 0xda, 0x51, 0x40, 0xff, 0x6a],
    ),
    (
        "DsLinearRegression",
        "contract/schemas/method.request.json#/methods/DsLinearRegression",
        [0x20, 0x40, 0x07, 0x5c, 0x76, 0xad, 0x9f, 0x91, 0x69, 0xa0, 0x98, 0x66, 0xae, 0xa4, 0x78, 0xeb, 0x46, 0x64, 0x61, 0x22, 0xfa, 0x88, 0x43, 0x06, 0xe1, 0x78, 0x82, 0xd8, 0x38, 0x81, 0xd4, 0x84],
    ),
    (
        "DsLogSoftmax",
        "contract/schemas/method.request.json#/methods/DsLogSoftmax",
        [0xf6, 0xac, 0xbe, 0xc3, 0x74, 0x7a, 0x34, 0x28, 0x55, 0x56, 0xa9, 0x58, 0x97, 0xce, 0x0f, 0xb2, 0xa7, 0xbb, 0x0c, 0x50, 0x0e, 0x7b, 0xcd, 0xaf, 0x4b, 0xda, 0x85, 0x0d, 0x1f, 0xc1, 0x29, 0xbd],
    ),
    (
        "DsPca",
        "contract/schemas/method.request.json#/methods/DsPca",
        [0x39, 0x18, 0xb0, 0xc2, 0x20, 0x0f, 0xaf, 0xb0, 0x91, 0xd8, 0x9e, 0xd6, 0x76, 0x20, 0x61, 0x08, 0x77, 0x77, 0x38, 0x90, 0x01, 0x03, 0xe2, 0xce, 0xec, 0x2e, 0xbc, 0x92, 0xb3, 0xd8, 0xc2, 0xb0],
    ),
    (
        "DsPredictEstimator",
        "contract/schemas/method.request.json#/methods/DsPredictEstimator",
        [0xe8, 0xd6, 0x02, 0xa6, 0x20, 0xd8, 0xba, 0x80, 0x33, 0x7e, 0x48, 0xd6, 0x70, 0xb3, 0xa3, 0x31, 0x77, 0x24, 0x3e, 0x4d, 0xcc, 0x1b, 0x92, 0x92, 0xe0, 0xc8, 0xf2, 0x90, 0xa8, 0x72, 0xda, 0xf1],
    ),
    (
        "DsSgdStep",
        "contract/schemas/method.request.json#/methods/DsSgdStep",
        [0x71, 0xd6, 0xa1, 0xcf, 0x98, 0x13, 0x9a, 0x9f, 0x97, 0xd6, 0x7d, 0xda, 0x96, 0x38, 0x0b, 0xea, 0xb7, 0x0a, 0xe1, 0xa4, 0xae, 0x09, 0x1b, 0x14, 0x93, 0xe4, 0x12, 0xbd, 0xcb, 0x04, 0x74, 0xe8],
    ),
    (
        "DsSoftmax",
        "contract/schemas/method.request.json#/methods/DsSoftmax",
        [0xfd, 0x6a, 0x97, 0x28, 0x75, 0x84, 0xfa, 0x7b, 0xd4, 0xcf, 0x6d, 0xbf, 0xd7, 0x59, 0xbc, 0xf0, 0xf4, 0x63, 0xd6, 0x8b, 0x0a, 0x47, 0xdb, 0x0d, 0xe5, 0x16, 0x49, 0xe1, 0x66, 0x9a, 0x0e, 0x0e],
    ),
    (
        "DsTrainTestSplit",
        "contract/schemas/method.request.json#/methods/DsTrainTestSplit",
        [0x2a, 0x3d, 0x69, 0x8c, 0x5d, 0x20, 0xdf, 0x1b, 0x76, 0x38, 0xf8, 0x88, 0xa2, 0x5f, 0xb8, 0xf2, 0xb4, 0xc5, 0xd8, 0x45, 0x7b, 0x29, 0xab, 0x59, 0x92, 0xc9, 0xd2, 0xf0, 0xd3, 0xf0, 0x19, 0x44],
    ),
    (
        "EdgeCount",
        "contract/schemas/method.request.json#/methods/EdgeCount",
        [0x07, 0xae, 0x9b, 0xaf, 0x70, 0x07, 0x50, 0x52, 0xd2, 0xe7, 0x6f, 0x91, 0x6d, 0x0a, 0x19, 0xa4, 0x81, 0x5d, 0xce, 0x1c, 0xe0, 0xb7, 0x4b, 0x05, 0x0f, 0x76, 0xa5, 0xa7, 0x84, 0xc9, 0x2a, 0x40],
    ),
    (
        "EpistemicStatus",
        "contract/schemas/method.request.json#/methods/EpistemicStatus",
        [0xc6, 0x0b, 0x76, 0x24, 0x0a, 0x73, 0x12, 0x1e, 0xcb, 0x83, 0x82, 0x07, 0x75, 0xc5, 0xd7, 0xf9, 0xe6, 0x0a, 0xfa, 0x11, 0xfa, 0x31, 0x79, 0x57, 0xc3, 0x7e, 0x97, 0x81, 0x0b, 0xa3, 0x2b, 0x3b],
    ),
    (
        "EvictBelow",
        "contract/schemas/method.request.json#/methods/EvictBelow",
        [0x5d, 0x65, 0x54, 0xa7, 0xcc, 0x03, 0x5b, 0x7c, 0x61, 0x47, 0x9d, 0x67, 0x87, 0x27, 0x11, 0x16, 0xfb, 0x42, 0x88, 0x07, 0xe8, 0x1a, 0x4d, 0x30, 0xa9, 0xc5, 0xf6, 0xa3, 0x38, 0xfc, 0xee, 0x6b],
    ),
    (
        "EvictLRU",
        "contract/schemas/method.request.json#/methods/EvictLRU",
        [0x7d, 0x45, 0xa8, 0x47, 0xef, 0xce, 0xfc, 0x61, 0x11, 0x0c, 0x48, 0xe5, 0xcd, 0x9a, 0x6c, 0x08, 0x13, 0xd4, 0x92, 0xbc, 0x09, 0x68, 0xcc, 0xb1, 0xea, 0xa8, 0xaf, 0x53, 0xd3, 0x45, 0xee, 0x24],
    ),
    (
        "ExplainBelief",
        "contract/schemas/method.request.json#/methods/ExplainBelief",
        [0xfa, 0x2a, 0x4b, 0x7c, 0x6a, 0xdc, 0x94, 0x8d, 0xa1, 0x0b, 0xef, 0x38, 0x15, 0x28, 0x8e, 0xd0, 0x3a, 0x20, 0xad, 0x64, 0x7d, 0x03, 0x23, 0x1d, 0xcd, 0x10, 0x5b, 0x25, 0x5f, 0x70, 0x33, 0x58],
    ),
    (
        "ExplainEvidence",
        "contract/schemas/method.request.json#/methods/ExplainEvidence",
        [0x05, 0xb0, 0x6e, 0xb5, 0xbd, 0xa8, 0x19, 0x21, 0x4e, 0xdb, 0xbf, 0x27, 0x98, 0x05, 0xa2, 0x4e, 0x64, 0xf9, 0x63, 0x8e, 0xdd, 0x75, 0x89, 0xd2, 0xcc, 0x16, 0x0e, 0x23, 0xec, 0x7e, 0xc1, 0x4f],
    ),
    (
        "ExplainPlan",
        "contract/schemas/method.request.json#/methods/ExplainPlan",
        [0xb2, 0xdc, 0xbd, 0x35, 0xff, 0x8c, 0x3c, 0x11, 0x5e, 0xc6, 0x7f, 0xc5, 0xd0, 0xae, 0x54, 0x95, 0x03, 0x93, 0x8e, 0x3d, 0x50, 0xeb, 0xd6, 0x20, 0x73, 0x69, 0x0e, 0x54, 0x5e, 0x2f, 0x61, 0xf9],
    ),
    (
        "ExplainPolicy",
        "contract/schemas/method.request.json#/methods/ExplainPolicy",
        [0x26, 0xf3, 0xee, 0xec, 0xd5, 0x84, 0xdc, 0xa5, 0x6d, 0x74, 0x65, 0xd2, 0x69, 0xf8, 0x45, 0xf0, 0xd8, 0x3b, 0xa9, 0x79, 0x6d, 0x1f, 0x0c, 0x9f, 0x4a, 0x61, 0x50, 0x86, 0x27, 0xdd, 0x20, 0x51],
    ),
    (
        "ExplainProvenance",
        "contract/schemas/method.request.json#/methods/ExplainProvenance",
        [0x43, 0xbf, 0xa1, 0x1b, 0x03, 0x05, 0x62, 0xee, 0xfd, 0x04, 0xe2, 0x23, 0xa4, 0x85, 0x2f, 0xed, 0x35, 0x0b, 0xc2, 0x3c, 0x29, 0x47, 0xd7, 0x18, 0x2d, 0xa6, 0x87, 0x7b, 0x70, 0x2c, 0xb1, 0x12],
    ),
    (
        "ExplainProvenanceByIds",
        "contract/schemas/method.request.json#/methods/ExplainProvenanceByIds",
        [0xce, 0x63, 0xec, 0x13, 0x71, 0xae, 0x57, 0xf8, 0xde, 0xa1, 0x6f, 0x84, 0x89, 0x33, 0xb1, 0x51, 0xcc, 0xb5, 0x39, 0x00, 0x3b, 0xc4, 0xe5, 0xde, 0xe1, 0x31, 0x1a, 0x00, 0x33, 0x68, 0xbc, 0xb3],
    ),
    (
        "ExportSqliteFile",
        "contract/schemas/method.request.json#/methods/ExportSqliteFile",
        [0x53, 0x36, 0x99, 0xcc, 0x2a, 0x21, 0xf2, 0x85, 0xd6, 0xff, 0x32, 0x36, 0x54, 0x66, 0x42, 0xa8, 0xe9, 0x78, 0x1f, 0x30, 0xaf, 0x08, 0xff, 0x49, 0x3a, 0xa5, 0x99, 0x49, 0x17, 0x92, 0xc8, 0xee],
    ),
    (
        "FinanceAdfTest",
        "contract/schemas/method.request.json#/methods/FinanceAdfTest",
        [0xee, 0x44, 0xd0, 0xde, 0x63, 0xe1, 0x04, 0x0b, 0x31, 0xb6, 0x50, 0x52, 0xcc, 0x65, 0x53, 0x8b, 0xea, 0x92, 0x1a, 0x79, 0x35, 0xee, 0x83, 0xa8, 0xe6, 0x53, 0x17, 0xa2, 0xa8, 0xab, 0x82, 0xf1],
    ),
    (
        "FinanceAlphaCombinationEngine",
        "contract/schemas/method.request.json#/methods/FinanceAlphaCombinationEngine",
        [0x57, 0x29, 0x54, 0x3c, 0x07, 0x57, 0x96, 0xf6, 0xf5, 0x3c, 0x84, 0x36, 0x29, 0x91, 0x3b, 0x83, 0xa1, 0x90, 0xc1, 0xb2, 0x0d, 0x95, 0x0f, 0x58, 0xf8, 0xab, 0xc5, 0xa1, 0xe1, 0x38, 0x05, 0x79],
    ),
    (
        "FinanceAvellanedaStoikov",
        "contract/schemas/method.request.json#/methods/FinanceAvellanedaStoikov",
        [0xc2, 0xe1, 0x83, 0x9d, 0x24, 0xa4, 0x80, 0x26, 0x32, 0xdc, 0xf0, 0x08, 0xdc, 0x7f, 0xfc, 0x08, 0x84, 0xca, 0x70, 0x85, 0x31, 0x20, 0x5c, 0x41, 0x0c, 0xa0, 0x4e, 0x48, 0x51, 0xfb, 0x5b, 0x95],
    ),
    (
        "FinanceBayesianKelly",
        "contract/schemas/method.request.json#/methods/FinanceBayesianKelly",
        [0xe9, 0xb9, 0x78, 0x59, 0x9f, 0xf8, 0x27, 0xd3, 0x96, 0x24, 0x03, 0x80, 0x16, 0xe8, 0xf1, 0x02, 0xf8, 0x1a, 0xbd, 0xa9, 0x8c, 0xd9, 0x3b, 0x32, 0x85, 0xac, 0xbc, 0x25, 0x0c, 0x3d, 0xde, 0x0c],
    ),
    (
        "FinanceBlackLitterman",
        "contract/schemas/method.request.json#/methods/FinanceBlackLitterman",
        [0x61, 0x68, 0x51, 0x39, 0xcd, 0x35, 0x25, 0x90, 0x19, 0x0a, 0x07, 0x51, 0x10, 0x74, 0xb2, 0x93, 0xd2, 0xd1, 0x62, 0x25, 0xef, 0xe7, 0x83, 0x9f, 0x1c, 0xac, 0x2a, 0xf4, 0x6c, 0xb5, 0xdf, 0x52],
    ),
    (
        "FinanceBreakevenAlpha",
        "contract/schemas/method.request.json#/methods/FinanceBreakevenAlpha",
        [0x07, 0x51, 0x9e, 0xf2, 0x44, 0x2e, 0x45, 0x1e, 0xd8, 0x99, 0x6e, 0xb9, 0x6b, 0x0d, 0xb2, 0x6e, 0x46, 0x59, 0xed, 0xb8, 0xdf, 0x2d, 0x74, 0xdc, 0x3a, 0x08, 0x59, 0x81, 0xef, 0xa1, 0x15, 0x7c],
    ),
    (
        "FinanceBrierScore",
        "contract/schemas/method.request.json#/methods/FinanceBrierScore",
        [0x3b, 0x86, 0x93, 0x42, 0x83, 0x3d, 0x50, 0x3c, 0x55, 0x6e, 0xad, 0xd4, 0x8d, 0xb0, 0x6d, 0x6a, 0x0a, 0x30, 0x87, 0xdd, 0x1f, 0x68, 0xc4, 0x6d, 0x29, 0x49, 0xfd, 0x1b, 0x56, 0x49, 0x24, 0xc6],
    ),
    (
        "FinanceCombineAlphas",
        "contract/schemas/method.request.json#/methods/FinanceCombineAlphas",
        [0xf9, 0x88, 0x64, 0x15, 0xf6, 0x35, 0x9d, 0xae, 0x02, 0xd1, 0xd5, 0xa7, 0x4b, 0x35, 0x2d, 0x0a, 0x7b, 0x16, 0x77, 0xcf, 0xad, 0x9f, 0xf6, 0x46, 0x47, 0xb5, 0x24, 0x2f, 0xd2, 0x1f, 0xed, 0x07],
    ),
    (
        "FinanceConvergenceGate",
        "contract/schemas/method.request.json#/methods/FinanceConvergenceGate",
        [0xe0, 0xf4, 0x77, 0xee, 0x6e, 0xd6, 0x3b, 0xf2, 0x7e, 0x32, 0x88, 0x01, 0x2b, 0x00, 0xd1, 0x49, 0x96, 0x27, 0xad, 0x0e, 0x41, 0x2c, 0xe2, 0x4c, 0x8b, 0x1f, 0x21, 0xb0, 0xfe, 0xfa, 0xfb, 0xbc],
    ),
    (
        "FinanceCrossSectionalRank",
        "contract/schemas/method.request.json#/methods/FinanceCrossSectionalRank",
        [0xeb, 0x1b, 0x7f, 0xb9, 0x83, 0x37, 0x58, 0xad, 0xee, 0xa6, 0xd3, 0x5c, 0xc3, 0xb2, 0x02, 0xca, 0x52, 0x55, 0x02, 0x3c, 0xd9, 0x48, 0x80, 0x1e, 0x8e, 0x26, 0xe5, 0xc6, 0x75, 0x53, 0x88, 0x2a],
    ),
    (
        "FinanceCvar",
        "contract/schemas/method.request.json#/methods/FinanceCvar",
        [0xd4, 0xf1, 0x88, 0x2c, 0x84, 0x68, 0x21, 0xc3, 0xab, 0x1f, 0x37, 0xe8, 0xb0, 0xc7, 0x5d, 0xb6, 0xba, 0x42, 0xf5, 0xa3, 0x13, 0x49, 0xe6, 0xe6, 0xde, 0x48, 0x6b, 0xc9, 0x75, 0x72, 0x32, 0x79],
    ),
    (
        "FinanceDeflatedSharpe",
        "contract/schemas/method.request.json#/methods/FinanceDeflatedSharpe",
        [0xd1, 0x73, 0x9d, 0x7b, 0x14, 0xe0, 0xef, 0xb1, 0x2e, 0x07, 0x9c, 0xb6, 0xd7, 0x8a, 0x17, 0xa8, 0xce, 0xa2, 0x0d, 0xbe, 0x13, 0xc9, 0xe7, 0x34, 0x51, 0x94, 0xa3, 0x47, 0xca, 0x64, 0x4c, 0x99],
    ),
    (
        "FinanceDetectRegimes",
        "contract/schemas/method.request.json#/methods/FinanceDetectRegimes",
        [0x23, 0x7d, 0x2d, 0x98, 0xa5, 0x4e, 0x12, 0x32, 0x91, 0xd6, 0x63, 0xa7, 0x83, 0x1e, 0xe4, 0x93, 0x73, 0xb4, 0x89, 0x2f, 0xd3, 0x15, 0x43, 0xe7, 0xda, 0x9e, 0x4e, 0x11, 0x6c, 0xfd, 0x91, 0x20],
    ),
    (
        "FinanceDieboldMariano",
        "contract/schemas/method.request.json#/methods/FinanceDieboldMariano",
        [0x49, 0x92, 0xae, 0x78, 0x31, 0x1e, 0x7f, 0x63, 0x7b, 0x5e, 0xc3, 0x40, 0x99, 0xcb, 0x34, 0x0b, 0x03, 0xab, 0xd9, 0x3e, 0x0b, 0x46, 0x37, 0xc0, 0x78, 0xa8, 0xfd, 0x90, 0x0c, 0x6e, 0xb3, 0x8b],
    ),
    (
        "FinanceDownsideDeviation",
        "contract/schemas/method.request.json#/methods/FinanceDownsideDeviation",
        [0x52, 0x1c, 0xc3, 0xe7, 0x09, 0x12, 0xc5, 0x8a, 0x7a, 0x08, 0xc2, 0x22, 0x44, 0x5f, 0x11, 0x7e, 0xff, 0xb7, 0x3b, 0x87, 0x31, 0x0a, 0x6f, 0xe2, 0x2f, 0xa1, 0x86, 0xbc, 0xa0, 0x72, 0x7c, 0xe5],
    ),
    (
        "FinanceDrawdownSeries",
        "contract/schemas/method.request.json#/methods/FinanceDrawdownSeries",
        [0x28, 0xc6, 0xdb, 0x71, 0x6b, 0xd3, 0x17, 0xa2, 0x3f, 0x90, 0xf9, 0xc8, 0x20, 0xa2, 0x37, 0x11, 0x33, 0x65, 0xa6, 0x83, 0xba, 0x30, 0x50, 0x60, 0xcb, 0x93, 0x6b, 0x41, 0xd0, 0xad, 0x2a, 0x9a],
    ),
    (
        "FinanceEffectiveIndependentN",
        "contract/schemas/method.request.json#/methods/FinanceEffectiveIndependentN",
        [0x79, 0xa5, 0xd6, 0x37, 0x27, 0x82, 0xfe, 0x9b, 0x79, 0x5d, 0xbe, 0x7a, 0xcc, 0x6c, 0xfa, 0x9e, 0x61, 0x7a, 0xbd, 0x7b, 0x0f, 0x51, 0x3e, 0x2e, 0x04, 0x70, 0x9c, 0xfa, 0x71, 0x0a, 0xa5, 0x84],
    ),
    (
        "FinanceEfficientFrontier",
        "contract/schemas/method.request.json#/methods/FinanceEfficientFrontier",
        [0xb7, 0x68, 0x54, 0x65, 0xb9, 0xbf, 0xfc, 0xf8, 0x20, 0x7c, 0x26, 0x99, 0x73, 0x03, 0x03, 0x8e, 0xbe, 0xfd, 0x52, 0xb3, 0xa4, 0x41, 0x89, 0xdf, 0x48, 0x7e, 0xaa, 0x99, 0x60, 0x2e, 0xd9, 0xb4],
    ),
    (
        "FinanceEmpiricalKelly",
        "contract/schemas/method.request.json#/methods/FinanceEmpiricalKelly",
        [0x8a, 0xb8, 0x6a, 0x4e, 0xef, 0x8a, 0xbb, 0x35, 0x42, 0x48, 0x4c, 0xb9, 0x41, 0x7e, 0x5a, 0x2c, 0x9d, 0x48, 0x12, 0xe9, 0x84, 0xf6, 0xd3, 0xf8, 0x67, 0xdc, 0x4a, 0x8e, 0x19, 0xd2, 0x32, 0xf5],
    ),
    (
        "FinanceEwma",
        "contract/schemas/method.request.json#/methods/FinanceEwma",
        [0x08, 0xa5, 0x44, 0x6c, 0x14, 0x7e, 0x08, 0xfb, 0x84, 0x98, 0xec, 0x09, 0x49, 0x73, 0x63, 0x3f, 0x1c, 0xf7, 0xf8, 0xa1, 0xcb, 0x5e, 0x1a, 0x69, 0xcf, 0xb6, 0x32, 0xf1, 0xfd, 0x8d, 0x24, 0xf0],
    ),
    (
        "FinanceExpectedPnlRate",
        "contract/schemas/method.request.json#/methods/FinanceExpectedPnlRate",
        [0x8e, 0x61, 0x6f, 0xfa, 0x63, 0x14, 0x20, 0x3a, 0xc9, 0xc1, 0xf5, 0xa1, 0xb0, 0xf1, 0x0b, 0x1b, 0xe4, 0x43, 0x86, 0x6e, 0x42, 0xf5, 0xcb, 0x5a, 0xfe, 0x0f, 0xda, 0xb2, 0x47, 0xe3, 0xdc, 0x1b],
    ),
    (
        "FinanceForensicReport",
        "contract/schemas/method.request.json#/methods/FinanceForensicReport",
        [0x25, 0x43, 0xec, 0x17, 0xfe, 0xf1, 0x4c, 0x02, 0x7e, 0x91, 0xf0, 0xa2, 0xd9, 0xe1, 0x47, 0x88, 0xe0, 0x00, 0x60, 0xc2, 0x50, 0x64, 0xa4, 0x54, 0x59, 0xa5, 0xe3, 0x7f, 0x5c, 0xcf, 0xff, 0x69],
    ),
    (
        "FinanceGlostenMilgromSpread",
        "contract/schemas/method.request.json#/methods/FinanceGlostenMilgromSpread",
        [0x11, 0xca, 0xe5, 0x8e, 0x81, 0x8a, 0x36, 0xfd, 0xce, 0x0b, 0xb2, 0x5e, 0x12, 0x23, 0xb0, 0x11, 0xe1, 0x5b, 0xd9, 0xe4, 0x70, 0x1a, 0xab, 0xd5, 0x4d, 0x0f, 0xeb, 0x07, 0x54, 0x25, 0x7e, 0x30],
    ),
    (
        "FinanceGltQuotes",
        "contract/schemas/method.request.json#/methods/FinanceGltQuotes",
        [0x36, 0xd5, 0x21, 0x15, 0x9f, 0x46, 0x35, 0xd0, 0xa1, 0xc4, 0xd4, 0x0e, 0xe2, 0xa5, 0xef, 0xac, 0x68, 0xdf, 0x3e, 0x24, 0x27, 0x88, 0xfd, 0xb5, 0xfa, 0x7c, 0x78, 0xcd, 0x13, 0xf5, 0x15, 0x15],
    ),
    (
        "FinanceHardimanBouchaud",
        "contract/schemas/method.request.json#/methods/FinanceHardimanBouchaud",
        [0xfa, 0x37, 0x8a, 0x3e, 0x4d, 0x5e, 0x28, 0x61, 0x2d, 0xcc, 0xe1, 0xf7, 0xde, 0x6a, 0x63, 0xe3, 0x2d, 0x3e, 0x76, 0xd6, 0xa3, 0x15, 0xbf, 0x2f, 0x05, 0x4e, 0x27, 0x82, 0x9d, 0xbd, 0xf7, 0x9e],
    ),
    (
        "FinanceHawkesMle",
        "contract/schemas/method.request.json#/methods/FinanceHawkesMle",
        [0x73, 0x4a, 0xff, 0x70, 0xb2, 0x0d, 0x18, 0x6b, 0xec, 0x5a, 0xf9, 0x92, 0x0b, 0x7f, 0xcb, 0x2d, 0xc7, 0x67, 0xcf, 0x61, 0xa1, 0x25, 0x78, 0x93, 0xf9, 0x05, 0xef, 0x1d, 0xec, 0xf5, 0x25, 0x3f],
    ),
    (
        "FinanceInformationCoefficient",
        "contract/schemas/method.request.json#/methods/FinanceInformationCoefficient",
        [0x1e, 0x7b, 0x84, 0x04, 0x8f, 0x72, 0x5c, 0x22, 0xb6, 0x87, 0x26, 0xda, 0x10, 0xc2, 0x71, 0x43, 0xe3, 0xe5, 0x7e, 0x8a, 0x05, 0x33, 0x20, 0x2c, 0xd5, 0xdc, 0x5a, 0x44, 0x2e, 0xfd, 0xf9, 0x77],
    ),
    (
        "FinanceInformationRatio",
        "contract/schemas/method.request.json#/methods/FinanceInformationRatio",
        [0xd0, 0x73, 0x17, 0x40, 0xd9, 0x19, 0x17, 0xc5, 0x6b, 0x48, 0x5f, 0x4f, 0xe2, 0xdd, 0x9b, 0x7f, 0x17, 0xc5, 0x05, 0x1c, 0x43, 0x31, 0x7f, 0x2e, 0x6d, 0x4e, 0xdf, 0xeb, 0xd3, 0x1a, 0x53, 0xe9],
    ),
    (
        "FinanceKalmanBeta",
        "contract/schemas/method.request.json#/methods/FinanceKalmanBeta",
        [0xb8, 0x41, 0xea, 0xf1, 0x4c, 0xcf, 0xfd, 0xda, 0xb2, 0x32, 0xbf, 0xc5, 0x95, 0x38, 0xbd, 0xe2, 0x0e, 0xaa, 0x41, 0x8b, 0x59, 0xd0, 0x9f, 0x84, 0x70, 0xd3, 0xb8, 0x52, 0x98, 0x98, 0x14, 0x59],
    ),
    (
        "FinanceKalmanFilter1d",
        "contract/schemas/method.request.json#/methods/FinanceKalmanFilter1d",
        [0xe8, 0x2c, 0x97, 0x59, 0x32, 0x0b, 0xb7, 0x56, 0xf5, 0x7b, 0x58, 0xaa, 0x68, 0x9d, 0xd3, 0xf2, 0x7a, 0xd0, 0xe6, 0x22, 0xf8, 0x83, 0xba, 0xfc, 0x66, 0xa1, 0x5a, 0xfe, 0x8d, 0x00, 0xbb, 0x86],
    ),
    (
        "FinanceKalmanVolatility",
        "contract/schemas/method.request.json#/methods/FinanceKalmanVolatility",
        [0x0c, 0x48, 0xcb, 0xfe, 0x80, 0xaf, 0x0a, 0x77, 0x40, 0xc8, 0x86, 0x1a, 0x0f, 0x2a, 0x6f, 0xf7, 0x3e, 0x87, 0x6f, 0x53, 0xf4, 0xe9, 0x13, 0x12, 0x63, 0x61, 0xfb, 0xfc, 0xd3, 0x60, 0xb3, 0xcd],
    ),
    (
        "FinanceKellyFraction",
        "contract/schemas/method.request.json#/methods/FinanceKellyFraction",
        [0x26, 0xb6, 0xd7, 0x45, 0xab, 0x7b, 0x2a, 0x40, 0x0a, 0xb6, 0x93, 0x27, 0x46, 0x04, 0xf9, 0x2d, 0x1e, 0x32, 0x16, 0xec, 0xfe, 0xce, 0xef, 0x98, 0xd6, 0xf5, 0x49, 0x81, 0xb0, 0xb9, 0x6e, 0xc9],
    ),
    (
        "FinanceKyleLambda",
        "contract/schemas/method.request.json#/methods/FinanceKyleLambda",
        [0x8c, 0xd7, 0x0f, 0xc7, 0x5a, 0xb5, 0x65, 0xcb, 0x67, 0x70, 0x67, 0x2e, 0x47, 0x1e, 0x4d, 0x27, 0x60, 0x2e, 0x32, 0x2c, 0x65, 0x4f, 0xd7, 0x62, 0x20, 0xa9, 0x27, 0x12, 0xef, 0x1c, 0x4a, 0xcf],
    ),
    (
        "FinanceLogitQuotes",
        "contract/schemas/method.request.json#/methods/FinanceLogitQuotes",
        [0x9d, 0xad, 0x15, 0x77, 0xbe, 0xbb, 0x5d, 0x8c, 0xc1, 0x8f, 0x12, 0x4f, 0x11, 0x10, 0x01, 0x09, 0xf9, 0x07, 0xd7, 0x3f, 0x8e, 0xd0, 0xb6, 0x9b, 0x9f, 0x4e, 0x74, 0x72, 0x52, 0xfe, 0x76, 0x86],
    ),
    (
        "FinanceMarketImpact",
        "contract/schemas/method.request.json#/methods/FinanceMarketImpact",
        [0x34, 0xeb, 0xe5, 0xc1, 0xdd, 0xf2, 0xd7, 0x48, 0x7d, 0x46, 0x30, 0x70, 0xb8, 0x57, 0x1e, 0xd5, 0xb0, 0x33, 0x93, 0x66, 0xb0, 0x20, 0xcb, 0x6c, 0x77, 0x4c, 0x9c, 0x49, 0x84, 0x53, 0x6c, 0x16],
    ),
    (
        "FinanceMarkovTransitionMatrix",
        "contract/schemas/method.request.json#/methods/FinanceMarkovTransitionMatrix",
        [0x48, 0x62, 0xac, 0x61, 0x7e, 0xa1, 0xb1, 0xf9, 0xdb, 0xaa, 0xd2, 0xf3, 0x3e, 0x50, 0x31, 0x6f, 0xdd, 0x98, 0x36, 0x9c, 0x77, 0x98, 0x54, 0x69, 0xc7, 0xb5, 0xbb, 0xce, 0x64, 0x05, 0x79, 0xf8],
    ),
    (
        "FinanceMatchOrders",
        "contract/schemas/method.request.json#/methods/FinanceMatchOrders",
        [0x89, 0xa3, 0x32, 0x27, 0xad, 0x53, 0x14, 0x62, 0x9c, 0xca, 0x43, 0xe8, 0x56, 0x6a, 0xd2, 0x84, 0x4b, 0xfb, 0x82, 0xc3, 0x8f, 0x82, 0x84, 0xb4, 0xa7, 0xa6, 0xa8, 0xb8, 0x3f, 0xf2, 0x0f, 0xd6],
    ),
    (
        "FinanceMaxDrawdown",
        "contract/schemas/method.request.json#/methods/FinanceMaxDrawdown",
        [0x10, 0xcf, 0x97, 0x13, 0x3f, 0x57, 0x70, 0xcf, 0xc7, 0x01, 0x85, 0x9e, 0x90, 0x2f, 0x84, 0x81, 0xe4, 0xf6, 0x02, 0x79, 0xac, 0x8b, 0xe0, 0x9b, 0x25, 0x96, 0xbd, 0xb9, 0x2d, 0xac, 0xec, 0x91],
    ),
    (
        "FinanceMeanReversion",
        "contract/schemas/method.request.json#/methods/FinanceMeanReversion",
        [0x41, 0xd0, 0x22, 0x13, 0x34, 0xfd, 0x9d, 0x85, 0x41, 0x43, 0x70, 0xb6, 0x99, 0x01, 0x6f, 0xee, 0x0d, 0x64, 0x3b, 0xf3, 0xf0, 0x15, 0x10, 0xac, 0xd9, 0x7a, 0x11, 0xf3, 0x55, 0x06, 0x67, 0xdb],
    ),
    (
        "FinanceMicropriceSeries",
        "contract/schemas/method.request.json#/methods/FinanceMicropriceSeries",
        [0xf5, 0x05, 0xeb, 0x88, 0xa7, 0xdb, 0x14, 0x10, 0x55, 0x5a, 0x88, 0xfc, 0xc6, 0x59, 0x47, 0x05, 0x53, 0x23, 0xba, 0xb8, 0x75, 0xa4, 0xe2, 0x63, 0xd6, 0x09, 0xd8, 0x90, 0xe1, 0x6d, 0x9e, 0x74],
    ),
    (
        "FinanceMomentum",
        "contract/schemas/method.request.json#/methods/FinanceMomentum",
        [0x3c, 0x83, 0x80, 0x7f, 0x38, 0x2d, 0xf9, 0x39, 0x1b, 0x6d, 0xa1, 0x4b, 0xd1, 0xea, 0x42, 0xd0, 0xeb, 0x0c, 0xb7, 0xe6, 0x2a, 0x49, 0x6c, 0x77, 0x46, 0xaa, 0xe9, 0x0f, 0xda, 0xdf, 0x12, 0x5b],
    ),
    (
        "FinanceMonteCarloVar",
        "contract/schemas/method.request.json#/methods/FinanceMonteCarloVar",
        [0xce, 0x2d, 0x4a, 0xd7, 0x2f, 0xba, 0x74, 0x4c, 0x14, 0xa8, 0x4d, 0xdf, 0x40, 0x5f, 0xe5, 0x82, 0xb5, 0x64, 0xf1, 0x56, 0x9c, 0xab, 0xbd, 0xb6, 0x4e, 0x5f, 0x1a, 0x7c, 0x4e, 0xa5, 0xb1, 0x06],
    ),
    (
        "FinanceOfiSeries",
        "contract/schemas/method.request.json#/methods/FinanceOfiSeries",
        [0x49, 0x3f, 0x9e, 0x5a, 0x52, 0x09, 0x92, 0x9a, 0xb8, 0x54, 0xf6, 0x31, 0xd1, 0x38, 0x80, 0x63, 0xa9, 0x42, 0x9c, 0xf4, 0xc8, 0x72, 0x1b, 0xc0, 0x20, 0xbe, 0xfd, 0x0d, 0xe2, 0x8a, 0xb3, 0xc8],
    ),
    (
        "FinanceOptimizePortfolio",
        "contract/schemas/method.request.json#/methods/FinanceOptimizePortfolio",
        [0x0e, 0xd2, 0xe8, 0x2b, 0xd8, 0x9c, 0x47, 0xb0, 0x29, 0x94, 0x9c, 0xba, 0xff, 0x12, 0x95, 0xcb, 0x03, 0x1a, 0xf2, 0xef, 0x9c, 0xcc, 0x20, 0xca, 0xc9, 0xc5, 0x8a, 0xf6, 0x3b, 0x43, 0x8b, 0xfa],
    ),
    (
        "FinanceOrderBookImbalance",
        "contract/schemas/method.request.json#/methods/FinanceOrderBookImbalance",
        [0xf8, 0x62, 0xff, 0x9c, 0x8d, 0xac, 0xec, 0xa7, 0xa2, 0x49, 0xa3, 0x4e, 0x3a, 0xcc, 0x0b, 0x4c, 0x7f, 0xf0, 0xe4, 0x5d, 0x2e, 0x13, 0x61, 0x6d, 0x24, 0x1a, 0xfd, 0xef, 0xea, 0xf5, 0x25, 0xb2],
    ),
    (
        "FinanceOuCalibrate",
        "contract/schemas/method.request.json#/methods/FinanceOuCalibrate",
        [0x80, 0xe1, 0xf3, 0x01, 0xe7, 0xbe, 0x05, 0xd8, 0xe9, 0x25, 0x4d, 0x34, 0x97, 0x7a, 0xbe, 0x59, 0x9e, 0xa9, 0xb6, 0x2a, 0x0a, 0xb0, 0xd1, 0x4f, 0xc7, 0xba, 0xcc, 0x23, 0x1e, 0xfb, 0xa3, 0x61],
    ),
    (
        "FinanceOuOptimalThresholds",
        "contract/schemas/method.request.json#/methods/FinanceOuOptimalThresholds",
        [0x4a, 0xa2, 0xe7, 0x17, 0x6f, 0xac, 0x3c, 0xb7, 0xa9, 0x21, 0xe3, 0x5c, 0x52, 0x3d, 0xfe, 0x61, 0x62, 0x3f, 0x12, 0x0d, 0x46, 0x47, 0x55, 0x90, 0x2f, 0xbb, 0x0d, 0x4a, 0xa2, 0x7b, 0x49, 0x92],
    ),
    (
        "FinancePairsTrading",
        "contract/schemas/method.request.json#/methods/FinancePairsTrading",
        [0xc6, 0xa9, 0x95, 0x2a, 0xc1, 0xd4, 0xba, 0x53, 0x39, 0x21, 0x15, 0x3a, 0x2a, 0xb0, 0x83, 0x34, 0x96, 0x87, 0x2c, 0x8c, 0x0d, 0x28, 0x9d, 0x59, 0xd8, 0x68, 0x15, 0x16, 0x61, 0x87, 0x4f, 0x19],
    ),
    (
        "FinancePosteriorCredibleInterval",
        "contract/schemas/method.request.json#/methods/FinancePosteriorCredibleInterval",
        [0xce, 0xc9, 0xec, 0x93, 0x49, 0xe0, 0x40, 0xe1, 0xe4, 0x99, 0xca, 0xb9, 0xd3, 0x77, 0xd5, 0xe1, 0x73, 0xb0, 0xe0, 0xb6, 0x72, 0x59, 0x40, 0xf3, 0x7d, 0x93, 0x24, 0x44, 0xb7, 0x6e, 0x54, 0x6b],
    ),
    (
        "FinanceProbabilityBacktestOverfit",
        "contract/schemas/method.request.json#/methods/FinanceProbabilityBacktestOverfit",
        [0x63, 0x09, 0x65, 0xcf, 0x7a, 0x2c, 0x01, 0x86, 0x26, 0x6a, 0x74, 0x5c, 0xf1, 0x5f, 0x78, 0xc2, 0xc5, 0xb2, 0xff, 0x98, 0xc9, 0x21, 0x5f, 0x18, 0xb5, 0xa5, 0x0d, 0xb0, 0xc6, 0xce, 0x5e, 0xf1],
    ),
    (
        "FinancePurgedCpcv",
        "contract/schemas/method.request.json#/methods/FinancePurgedCpcv",
        [0x35, 0xde, 0x36, 0x0c, 0xc1, 0xc1, 0xe4, 0x9e, 0x27, 0xd9, 0xe6, 0x34, 0x1b, 0x02, 0x66, 0xfb, 0x3c, 0x2b, 0x78, 0x5d, 0xdf, 0xd4, 0x0c, 0x01, 0x10, 0x0e, 0xfc, 0x4a, 0x85, 0x3a, 0x03, 0x0f],
    ),
    (
        "FinanceQueueImbalance",
        "contract/schemas/method.request.json#/methods/FinanceQueueImbalance",
        [0x4c, 0x03, 0x00, 0x05, 0x85, 0x4e, 0x12, 0x30, 0xf8, 0xb2, 0x37, 0x75, 0x90, 0x8c, 0xb0, 0x21, 0xff, 0xed, 0x24, 0xa9, 0xe5, 0x35, 0x16, 0x73, 0x0b, 0xfd, 0x51, 0xa4, 0x53, 0x60, 0xd3, 0x12],
    ),
    (
        "FinanceRealizedVolTick",
        "contract/schemas/method.request.json#/methods/FinanceRealizedVolTick",
        [0xe4, 0xa8, 0x95, 0x73, 0x3e, 0xb4, 0xfb, 0x8f, 0x5f, 0x01, 0xd7, 0x7a, 0xde, 0x4b, 0x71, 0xfb, 0xb0, 0x53, 0xc1, 0x9c, 0x45, 0x98, 0x26, 0x55, 0x49, 0x97, 0x62, 0xcc, 0xec, 0x7e, 0xbe, 0x37],
    ),
    (
        "FinanceRiskMetrics",
        "contract/schemas/method.request.json#/methods/FinanceRiskMetrics",
        [0xca, 0xfe, 0x96, 0x73, 0x99, 0x80, 0xe9, 0x89, 0x80, 0x98, 0x73, 0x10, 0xf4, 0x5a, 0x7e, 0x90, 0xda, 0x46, 0x78, 0xfc, 0x36, 0x77, 0x66, 0x9d, 0x0c, 0xcb, 0x50, 0x2c, 0x60, 0xb7, 0x5f, 0xb2],
    ),
    (
        "FinanceRiskParity",
        "contract/schemas/method.request.json#/methods/FinanceRiskParity",
        [0xec, 0xcf, 0xbf, 0x1f, 0x82, 0xad, 0x60, 0xf7, 0x44, 0xe4, 0x63, 0x97, 0xed, 0xef, 0x0d, 0xbd, 0xb9, 0x24, 0x60, 0xa5, 0xbc, 0x93, 0xbd, 0x14, 0x7b, 0xf6, 0x80, 0x7c, 0xbb, 0x00, 0xd8, 0x2e],
    ),
    (
        "FinanceRollingZscore",
        "contract/schemas/method.request.json#/methods/FinanceRollingZscore",
        [0x8c, 0xe4, 0x41, 0xbc, 0x09, 0xc7, 0x71, 0x1f, 0x00, 0x2d, 0xe8, 0xbd, 0x55, 0x6e, 0xe6, 0x3b, 0x47, 0xa5, 0x24, 0x7a, 0x8d, 0xc3, 0x7d, 0x55, 0x1c, 0x84, 0xae, 0x8a, 0x97, 0x9d, 0x6f, 0xba],
    ),
    (
        "FinanceSabrCalibrate",
        "contract/schemas/method.request.json#/methods/FinanceSabrCalibrate",
        [0xb5, 0xa8, 0x6b, 0x23, 0x63, 0xc6, 0xcc, 0x53, 0x0d, 0x28, 0xbe, 0xc5, 0x84, 0x45, 0x83, 0x98, 0xa8, 0x33, 0x3e, 0x3d, 0x66, 0x91, 0x9b, 0xc3, 0x52, 0x74, 0x81, 0xb6, 0xb8, 0x26, 0xf8, 0x80],
    ),
    (
        "FinanceSabrImpliedVol",
        "contract/schemas/method.request.json#/methods/FinanceSabrImpliedVol",
        [0x89, 0x11, 0xa9, 0x0d, 0x6c, 0x20, 0x4c, 0x70, 0x7b, 0xf5, 0xe4, 0x87, 0xe9, 0x9f, 0x85, 0xc4, 0xa9, 0xa2, 0x32, 0x2f, 0x5c, 0x0d, 0x8d, 0x27, 0x7b, 0xee, 0xad, 0x4d, 0x88, 0x07, 0x2b, 0x2e],
    ),
    (
        "FinanceSabrSmile",
        "contract/schemas/method.request.json#/methods/FinanceSabrSmile",
        [0x81, 0x96, 0x15, 0x40, 0x41, 0xb8, 0x6f, 0x6f, 0x31, 0x3d, 0xa5, 0x71, 0xae, 0x18, 0xe3, 0x5f, 0x1e, 0x65, 0xf9, 0xd7, 0xeb, 0xb3, 0x03, 0x27, 0x7a, 0xee, 0x15, 0xbf, 0x44, 0x89, 0x3c, 0x07],
    ),
    (
        "FinanceSignalDecay",
        "contract/schemas/method.request.json#/methods/FinanceSignalDecay",
        [0xcf, 0x66, 0xc3, 0xf8, 0xa3, 0x52, 0xf6, 0xbf, 0x18, 0xba, 0xfc, 0xf4, 0xd7, 0x96, 0xde, 0xfc, 0xa0, 0x84, 0x85, 0xc8, 0x96, 0x52, 0xb8, 0x80, 0xe0, 0x8d, 0xa3, 0x36, 0xde, 0xf5, 0x43, 0x2d],
    ),
    (
        "FinanceSpreadReversion",
        "contract/schemas/method.request.json#/methods/FinanceSpreadReversion",
        [0x8c, 0x4a, 0x40, 0x1d, 0x68, 0x94, 0xb1, 0x2f, 0xe4, 0x6a, 0x69, 0x82, 0xe8, 0xb7, 0x5c, 0x95, 0x2b, 0xea, 0x64, 0x11, 0x71, 0xa3, 0xbe, 0xd0, 0x8f, 0x76, 0xcd, 0xdf, 0xa7, 0x41, 0x42, 0x20],
    ),
    (
        "FinanceStressTest",
        "contract/schemas/method.request.json#/methods/FinanceStressTest",
        [0x1b, 0x35, 0xd8, 0xe9, 0xe7, 0x38, 0x8e, 0xc4, 0x03, 0xb4, 0x95, 0x07, 0xdb, 0xb0, 0x7d, 0xd3, 0xdf, 0x71, 0xc6, 0xaa, 0x76, 0x87, 0x81, 0x34, 0x91, 0x59, 0x58, 0x49, 0x74, 0x7b, 0xc8, 0x8a],
    ),
    (
        "FinanceSurveillanceRisk",
        "contract/schemas/method.request.json#/methods/FinanceSurveillanceRisk",
        [0xa6, 0x59, 0x11, 0xce, 0x13, 0x86, 0x3c, 0x16, 0x1b, 0xd1, 0xdd, 0xaa, 0xdb, 0x75, 0x97, 0x85, 0x6f, 0x49, 0x59, 0x98, 0x21, 0xf9, 0x4c, 0x76, 0xf2, 0x93, 0x62, 0x61, 0xa0, 0x43, 0x2b, 0xc6],
    ),
    (
        "FinanceTwap",
        "contract/schemas/method.request.json#/methods/FinanceTwap",
        [0x89, 0xcb, 0x3b, 0xd2, 0x26, 0xad, 0xc2, 0xd1, 0x53, 0xc5, 0xcd, 0x41, 0x06, 0xe2, 0x03, 0xa6, 0x99, 0xc6, 0x97, 0x6d, 0x06, 0x5c, 0x7d, 0x59, 0xbc, 0x5d, 0x42, 0x8b, 0x62, 0x8d, 0xee, 0xbd],
    ),
    (
        "FinanceVar",
        "contract/schemas/method.request.json#/methods/FinanceVar",
        [0x49, 0x57, 0x3f, 0x10, 0x29, 0x8b, 0xe3, 0x70, 0x0c, 0xbd, 0xfd, 0xe5, 0xca, 0x8b, 0xbd, 0x2c, 0x40, 0x58, 0x49, 0x27, 0xba, 0x70, 0x0f, 0x9b, 0x99, 0x49, 0x93, 0xb3, 0x22, 0x6e, 0x8f, 0xef],
    ),
    (
        "FinanceVpinPm",
        "contract/schemas/method.request.json#/methods/FinanceVpinPm",
        [0x1e, 0x75, 0x36, 0x8e, 0xfc, 0x49, 0x02, 0x72, 0xc3, 0xfb, 0xcc, 0xee, 0xf6, 0xd2, 0x2a, 0x27, 0xb0, 0x71, 0xe8, 0x43, 0x8b, 0xc0, 0x8d, 0xea, 0xcf, 0x04, 0x83, 0x13, 0x6b, 0x13, 0x4b, 0x77],
    ),
    (
        "FinanceVwap",
        "contract/schemas/method.request.json#/methods/FinanceVwap",
        [0x4c, 0x61, 0xec, 0x22, 0x8b, 0xb5, 0x8f, 0xcf, 0x29, 0xd0, 0xc0, 0x3a, 0x05, 0xe1, 0x46, 0x2f, 0x41, 0x1f, 0x1d, 0xe6, 0x42, 0xc3, 0x8a, 0x59, 0xff, 0x51, 0x1f, 0xaf, 0xa6, 0x0b, 0xc5, 0x0e],
    ),
    (
        "FindCycle",
        "contract/schemas/method.request.json#/methods/FindCycle",
        [0xd7, 0x0a, 0xbf, 0xa0, 0x46, 0xf8, 0x7c, 0x87, 0xff, 0x4a, 0x02, 0xa7, 0xd8, 0xc3, 0xbc, 0x80, 0x0b, 0xdb, 0x89, 0x34, 0x16, 0x3c, 0xf6, 0xae, 0x0b, 0x08, 0x48, 0x55, 0x94, 0x53, 0x6e, 0x6a],
    ),
    (
        "FinishDevelopmentLane",
        "contract/schemas/method.request.json#/methods/FinishDevelopmentLane",
        [0xdf, 0x19, 0xc5, 0x4b, 0x36, 0xb7, 0x6b, 0x70, 0x86, 0x66, 0x96, 0xf7, 0x3d, 0x3f, 0xc5, 0x3c, 0xc5, 0xdb, 0x94, 0x87, 0x7b, 0x1f, 0x39, 0x52, 0xc8, 0x22, 0x37, 0x33, 0x1c, 0xdb, 0x37, 0xe5],
    ),
    (
        "FiredTriggers",
        "contract/schemas/method.request.json#/methods/FiredTriggers",
        [0x2f, 0xfd, 0x5f, 0x2f, 0x3d, 0x4f, 0xb9, 0x8c, 0x4f, 0xdf, 0xa3, 0x56, 0x92, 0xe9, 0x53, 0xde, 0xf4, 0xc5, 0x6e, 0x6d, 0x35, 0xe1, 0x48, 0x65, 0xd0, 0xbf, 0x70, 0x3a, 0x41, 0x90, 0x8a, 0xe6],
    ),
    (
        "Fork",
        "contract/schemas/method.request.json#/methods/Fork",
        [0x5c, 0x80, 0xac, 0x69, 0x69, 0xdb, 0x13, 0x49, 0xac, 0xec, 0x98, 0x9b, 0xa4, 0x0f, 0x31, 0xb5, 0x1b, 0x16, 0x6f, 0x95, 0x43, 0x3a, 0x94, 0xd5, 0x2d, 0xd1, 0x0b, 0x1a, 0xae, 0xaf, 0xb6, 0xd4],
    ),
    (
        "FromMsgpack",
        "contract/schemas/method.request.json#/methods/FromMsgpack",
        [0xe1, 0xe4, 0x14, 0x57, 0xa6, 0x56, 0xf8, 0x3c, 0x6c, 0xb7, 0xdb, 0x12, 0x81, 0xa0, 0x04, 0x6e, 0x50, 0x4a, 0x26, 0x08, 0x6e, 0x50, 0x2e, 0x09, 0x10, 0x1b, 0x83, 0xce, 0x7f, 0x6a, 0x5b, 0x41],
    ),
    (
        "GetBlastRadius",
        "contract/schemas/method.request.json#/methods/GetBlastRadius",
        [0x25, 0x7e, 0xd5, 0x51, 0xd1, 0x28, 0x6d, 0x0d, 0xfc, 0xf5, 0x26, 0xde, 0x16, 0x14, 0x6c, 0xd9, 0x2f, 0xed, 0xd8, 0x42, 0x2f, 0x2c, 0xd9, 0x36, 0x8f, 0xd1, 0x34, 0xd2, 0xd3, 0x24, 0x8e, 0x07],
    ),
    (
        "GetChangeCursor",
        "contract/schemas/method.request.json#/methods/GetChangeCursor",
        [0xba, 0x6b, 0xb7, 0x85, 0x68, 0xdb, 0x34, 0x8b, 0x52, 0x79, 0x98, 0xea, 0x9e, 0x71, 0xc7, 0xe0, 0xc7, 0x67, 0x36, 0x70, 0xe2, 0xa4, 0x16, 0x4c, 0x1b, 0xdf, 0x81, 0x42, 0xd2, 0x5d, 0x9d, 0x03],
    ),
    (
        "GetChangeEnvelope",
        "contract/schemas/method.request.json#/methods/GetChangeEnvelope",
        [0x78, 0x67, 0xfa, 0x6f, 0x88, 0xf2, 0xe7, 0x0a, 0x8e, 0x01, 0xb2, 0x77, 0xff, 0xe5, 0x86, 0xf9, 0xee, 0xa8, 0x4d, 0xda, 0xd8, 0x3d, 0x91, 0x36, 0x70, 0xfb, 0x9d, 0x15, 0xef, 0xc7, 0xb2, 0xb5],
    ),
    (
        "GetChannelMembers",
        "contract/schemas/method.request.json#/methods/GetChannelMembers",
        [0xa2, 0xfb, 0x2a, 0xe7, 0x42, 0x29, 0x2c, 0xa1, 0xe8, 0x25, 0x7b, 0xba, 0x47, 0x53, 0xc0, 0x1e, 0xf1, 0x1a, 0x12, 0xf2, 0x52, 0x9a, 0xa9, 0xa7, 0x25, 0xb4, 0x0a, 0x06, 0x72, 0x1d, 0xe2, 0xd5],
    ),
    (
        "GetChannelMessages",
        "contract/schemas/method.request.json#/methods/GetChannelMessages",
        [0xb5, 0xe4, 0x0e, 0x08, 0x98, 0x03, 0xbb, 0x43, 0x26, 0x45, 0x65, 0x36, 0x02, 0x21, 0xc0, 0x82, 0x35, 0x48, 0x7e, 0x21, 0xdf, 0x2a, 0x95, 0x0a, 0x19, 0x02, 0x65, 0x23, 0xaa, 0x94, 0xa6, 0xcc],
    ),
    (
        "GetContentVersion",
        "contract/schemas/method.request.json#/methods/GetContentVersion",
        [0x11, 0x8b, 0x34, 0x36, 0xd2, 0x56, 0xbd, 0xd3, 0xcf, 0xed, 0x51, 0xd3, 0xd6, 0x93, 0x2a, 0x39, 0x17, 0x89, 0x9d, 0x33, 0xa5, 0xa4, 0xae, 0xf9, 0x7e, 0x01, 0xd9, 0xd4, 0xac, 0x18, 0x17, 0xba],
    ),
    (
        "GetContextView",
        "contract/schemas/method.request.json#/methods/GetContextView",
        [0x64, 0xbb, 0x7b, 0x1a, 0xc1, 0xeb, 0x9d, 0x83, 0x26, 0x8a, 0xff, 0x97, 0x83, 0x66, 0x38, 0x69, 0xfd, 0x44, 0xfa, 0x45, 0x0f, 0x59, 0x52, 0xc9, 0x8f, 0xc6, 0x9f, 0x31, 0x56, 0xb5, 0xf1, 0x80],
    ),
    (
        "GetControlLease",
        "contract/schemas/method.request.json#/methods/GetControlLease",
        [0xc2, 0xe7, 0x05, 0x02, 0x42, 0x2c, 0xaf, 0xd1, 0x9a, 0xa4, 0x13, 0xe0, 0xc0, 0xd7, 0x2d, 0x2b, 0x8c, 0x07, 0x30, 0xf2, 0x41, 0x0d, 0x29, 0xf0, 0xf4, 0x63, 0x05, 0x7b, 0x9f, 0x7e, 0x8a, 0xc9],
    ),
    (
        "GetEdgeProperties",
        "contract/schemas/method.request.json#/methods/GetEdgeProperties",
        [0x4c, 0x68, 0x28, 0x00, 0xc8, 0xf5, 0x00, 0x98, 0x25, 0x57, 0x2d, 0xd3, 0xa1, 0x0f, 0x28, 0xb9, 0x5b, 0xc5, 0x9b, 0x38, 0xd5, 0x84, 0xef, 0x69, 0x6a, 0xb6, 0x99, 0x3f, 0x16, 0xc3, 0x98, 0x2c],
    ),
    (
        "GetEdgePropertiesBatch",
        "contract/schemas/method.request.json#/methods/GetEdgePropertiesBatch",
        [0x04, 0x10, 0x14, 0x96, 0xf5, 0xb8, 0x18, 0x92, 0xc6, 0x7d, 0x38, 0x05, 0xdb, 0xba, 0x77, 0x55, 0xe4, 0x3c, 0x6e, 0xde, 0xd0, 0xab, 0xa0, 0xe6, 0x16, 0x23, 0xdc, 0xed, 0x45, 0xef, 0x08, 0xe3],
    ),
    (
        "GetEdges",
        "contract/schemas/method.request.json#/methods/GetEdges",
        [0xb6, 0x95, 0x5a, 0x81, 0xc9, 0x4a, 0x4b, 0xd9, 0x08, 0x49, 0xf4, 0x4e, 0x42, 0x4f, 0x11, 0x06, 0x8d, 0x11, 0x30, 0x54, 0x0b, 0xf2, 0x32, 0xb3, 0x17, 0xf4, 0x37, 0x7e, 0x43, 0x33, 0xff, 0x8f],
    ),
    (
        "GetEdgesPage",
        "contract/schemas/method.request.json#/methods/GetEdgesPage",
        [0xa3, 0x02, 0x90, 0xed, 0xeb, 0x82, 0x5f, 0xae, 0xb2, 0x2e, 0x4e, 0x4c, 0xb6, 0x2a, 0xba, 0x65, 0xd3, 0xe1, 0xf6, 0x32, 0xf4, 0x0d, 0xfc, 0x3e, 0x4c, 0x96, 0x5a, 0x08, 0x95, 0x3f, 0x74, 0xca],
    ),
    (
        "GetIdentity",
        "contract/schemas/method.request.json#/methods/GetIdentity",
        [0xd0, 0x43, 0x9f, 0x66, 0x64, 0x45, 0xb8, 0x6f, 0x6d, 0x1f, 0xb2, 0xf8, 0x98, 0x67, 0x74, 0x85, 0xf9, 0x5f, 0x3d, 0x0d, 0x20, 0x04, 0xe4, 0xf7, 0x3e, 0x70, 0x0e, 0x2f, 0x0d, 0xd2, 0x23, 0xa2],
    ),
    (
        "GetLedger",
        "contract/schemas/method.request.json#/methods/GetLedger",
        [0x2c, 0xd8, 0x7e, 0xac, 0x35, 0x80, 0x72, 0x8d, 0x79, 0x29, 0x2b, 0x6f, 0xaa, 0xd6, 0x5d, 0xbd, 0x1f, 0x5d, 0x45, 0x27, 0xd4, 0x05, 0xb3, 0xd3, 0x88, 0x8a, 0x78, 0xd6, 0xb9, 0x52, 0x94, 0x6c],
    ),
    (
        "GetMatView",
        "contract/schemas/method.request.json#/methods/GetMatView",
        [0xfa, 0x94, 0xba, 0x58, 0x79, 0x19, 0x29, 0xb5, 0xed, 0x77, 0x0e, 0x2c, 0x03, 0x04, 0xc0, 0x81, 0x69, 0x0e, 0xb7, 0xad, 0x9b, 0x96, 0x0a, 0xbc, 0x50, 0x08, 0x2b, 0xde, 0xbc, 0x66, 0x08, 0xf2],
    ),
    (
        "GetNeighbors",
        "contract/schemas/method.request.json#/methods/GetNeighbors",
        [0x42, 0xc8, 0x0b, 0x92, 0xb5, 0x26, 0xbd, 0xf7, 0x55, 0xdd, 0xc4, 0xdf, 0x33, 0xdb, 0x5a, 0x2f, 0x6c, 0x73, 0x20, 0xe9, 0x1d, 0x51, 0x79, 0xf5, 0x04, 0x9f, 0xdd, 0x3b, 0xc1, 0x24, 0x2e, 0x08],
    ),
    (
        "GetNeighborsBatch",
        "contract/schemas/method.request.json#/methods/GetNeighborsBatch",
        [0x80, 0xdc, 0xcb, 0x00, 0xaf, 0x8e, 0x26, 0x01, 0x69, 0x4b, 0x13, 0x3e, 0x39, 0x86, 0xf9, 0x99, 0xfa, 0xca, 0xbd, 0xb3, 0x6f, 0xd5, 0x9b, 0xbf, 0x56, 0x8f, 0x22, 0xfa, 0xf5, 0xa3, 0x46, 0xf0],
    ),
    (
        "GetNodeProperties",
        "contract/schemas/method.request.json#/methods/GetNodeProperties",
        [0x80, 0xe9, 0xc8, 0xfb, 0xc7, 0x0c, 0xca, 0xaf, 0x4b, 0x50, 0xe2, 0x88, 0x33, 0x83, 0x40, 0xe3, 0xe7, 0x26, 0x0f, 0xd9, 0xf2, 0x5e, 0xb7, 0xd5, 0x12, 0x3a, 0x5a, 0x5e, 0x6e, 0xcb, 0xfd, 0xba],
    ),
    (
        "GetNodePropertiesBatch",
        "contract/schemas/method.request.json#/methods/GetNodePropertiesBatch",
        [0x76, 0x53, 0x98, 0xa4, 0x6a, 0x33, 0x37, 0xea, 0x2e, 0x6b, 0x96, 0x0a, 0x58, 0x3c, 0x44, 0xa7, 0x60, 0x71, 0xd3, 0xe9, 0x70, 0x6c, 0x01, 0x0d, 0x01, 0xdc, 0xd0, 0x20, 0x3d, 0xfc, 0xa7, 0x99],
    ),
    (
        "GetNodes",
        "contract/schemas/method.request.json#/methods/GetNodes",
        [0x4a, 0x79, 0x86, 0xf7, 0x8d, 0x02, 0x88, 0xdb, 0xeb, 0xb8, 0x0d, 0x49, 0x6a, 0x2e, 0x00, 0x46, 0x2b, 0x06, 0x51, 0x68, 0xd2, 0x00, 0x27, 0x91, 0xb7, 0x48, 0xc5, 0x76, 0xd0, 0x04, 0xc0, 0x88],
    ),
    (
        "GetNodesByLabel",
        "contract/schemas/method.request.json#/methods/GetNodesByLabel",
        [0x21, 0x1e, 0xe5, 0x90, 0x69, 0x06, 0xa3, 0xdb, 0xfb, 0xb9, 0x7a, 0xf0, 0x71, 0xd1, 0x38, 0xb2, 0x49, 0x04, 0xfc, 0xc9, 0x59, 0x4f, 0x37, 0x1f, 0x8b, 0xbe, 0x00, 0x42, 0x4c, 0xb0, 0xdf, 0x38],
    ),
    (
        "GetPredecessors",
        "contract/schemas/method.request.json#/methods/GetPredecessors",
        [0x5e, 0xa9, 0x12, 0xe3, 0xf6, 0xaa, 0x09, 0x5c, 0x30, 0x37, 0xae, 0xc4, 0xbb, 0xef, 0x60, 0x48, 0x6a, 0x21, 0x8f, 0x3d, 0xe4, 0x7e, 0xbb, 0xee, 0x4f, 0xd5, 0x30, 0x77, 0x5c, 0x76, 0xc8, 0x85],
    ),
    (
        "GetRdf",
        "contract/schemas/method.request.json#/methods/GetRdf",
        [0x70, 0x28, 0x61, 0x6e, 0xa0, 0xa3, 0x24, 0x63, 0xd8, 0x2f, 0x11, 0xaf, 0x1b, 0x26, 0xe0, 0xe8, 0xd9, 0x0c, 0x5d, 0x44, 0x09, 0xf8, 0x91, 0x55, 0x43, 0xb8, 0x7e, 0x1a, 0x12, 0x5a, 0x26, 0x38],
    ),
    (
        "GetShortestPath",
        "contract/schemas/method.request.json#/methods/GetShortestPath",
        [0x90, 0xff, 0x0f, 0x19, 0xc0, 0x42, 0x1f, 0x44, 0x2b, 0xad, 0x7c, 0x00, 0x0a, 0x16, 0x5a, 0x17, 0xaa, 0xfc, 0x6d, 0x8f, 0xe8, 0xbe, 0x07, 0x94, 0x41, 0xe1, 0xd2, 0x6e, 0xe1, 0x5f, 0xc4, 0xac],
    ),
    (
        "GetSubgraph",
        "contract/schemas/method.request.json#/methods/GetSubgraph",
        [0xab, 0x21, 0xae, 0x90, 0x50, 0x9f, 0x93, 0x7e, 0x1c, 0xe1, 0x6f, 0x95, 0xd3, 0xb0, 0xd4, 0x07, 0x10, 0x0b, 0x56, 0x40, 0x1e, 0xd5, 0x7a, 0xd3, 0x85, 0x4f, 0x4d, 0x3c, 0xf1, 0x41, 0x29, 0xae],
    ),
    (
        "GetSuccessors",
        "contract/schemas/method.request.json#/methods/GetSuccessors",
        [0xd1, 0x62, 0x56, 0xf1, 0x5b, 0xad, 0x43, 0x84, 0xe7, 0x89, 0x5f, 0xae, 0x3c, 0xf1, 0xcc, 0x95, 0x9c, 0xe6, 0x80, 0x7a, 0xbe, 0xdd, 0x11, 0x81, 0x48, 0x23, 0x6d, 0xcd, 0xd3, 0x2b, 0x4d, 0x5d],
    ),
    (
        "GetWorkItem",
        "contract/schemas/method.request.json#/methods/GetWorkItem",
        [0x13, 0x27, 0xa5, 0x40, 0x34, 0x58, 0x1f, 0xea, 0x45, 0x81, 0xf8, 0x5a, 0x57, 0xf2, 0x97, 0xea, 0x31, 0xf3, 0x74, 0x4d, 0xbe, 0x4a, 0x83, 0x1d, 0x1e, 0xc9, 0xb4, 0xcd, 0x71, 0x04, 0xc7, 0xd3],
    ),
    (
        "GraphColoring",
        "contract/schemas/method.request.json#/methods/GraphColoring",
        [0x48, 0x21, 0x18, 0xe0, 0x92, 0x8e, 0xaf, 0x1d, 0xb9, 0xc4, 0x99, 0x5c, 0x92, 0x41, 0x76, 0xd1, 0x75, 0xac, 0xf1, 0x67, 0x93, 0xd3, 0x7a, 0xf1, 0x14, 0x14, 0xeb, 0xb4, 0x0b, 0xff, 0x6d, 0x15],
    ),
    (
        "GraphLearnFit",
        "contract/schemas/method.request.json#/methods/GraphLearnFit",
        [0x24, 0x11, 0xa3, 0xd5, 0xeb, 0x73, 0x11, 0x70, 0x06, 0xe3, 0xdb, 0x49, 0x6a, 0x90, 0x1e, 0x05, 0xa0, 0x7a, 0x12, 0x27, 0x2d, 0x5e, 0xfb, 0xba, 0x1a, 0x9f, 0xaa, 0xac, 0x6e, 0x80, 0x3d, 0x8b],
    ),
    (
        "GraphLearnPredict",
        "contract/schemas/method.request.json#/methods/GraphLearnPredict",
        [0x39, 0x65, 0x15, 0xe3, 0xc9, 0x27, 0x50, 0x3b, 0x7d, 0x00, 0xf9, 0x90, 0x66, 0xf8, 0x02, 0xb3, 0x61, 0x14, 0x44, 0xf4, 0x1d, 0x96, 0xd5, 0x7f, 0x3b, 0xcd, 0x8c, 0x3d, 0x4b, 0xbc, 0xcd, 0xba],
    ),
    (
        "GraphQl",
        "contract/schemas/method.request.json#/methods/GraphQl",
        [0xc5, 0x7d, 0x08, 0xf9, 0x5a, 0x3e, 0xc8, 0x21, 0x91, 0x60, 0x4e, 0x82, 0x71, 0x42, 0xde, 0x27, 0x34, 0xb2, 0xb0, 0x57, 0x60, 0xd8, 0x5b, 0x06, 0xde, 0xb2, 0xbb, 0x1b, 0xb3, 0x42, 0x6c, 0x77],
    ),
    (
        "GraphSchema",
        "contract/schemas/method.request.json#/methods/GraphSchema",
        [0x4a, 0x60, 0x7c, 0x83, 0x7e, 0x88, 0x12, 0x62, 0xe5, 0xe2, 0xb7, 0xa5, 0x39, 0x56, 0xf0, 0x70, 0xe8, 0x86, 0x74, 0x58, 0x5e, 0x43, 0xfa, 0x16, 0xa4, 0x83, 0x7b, 0x70, 0x89, 0xb1, 0xa3, 0x7d],
    ),
    (
        "GraphSchemaList",
        "contract/schemas/method.request.json#/methods/GraphSchemaList",
        [0x92, 0xdd, 0xf4, 0xaf, 0xf6, 0x63, 0x8e, 0x3b, 0xab, 0x75, 0x4a, 0x9b, 0x4c, 0x60, 0xf2, 0x11, 0x35, 0xa7, 0xda, 0xd2, 0xcf, 0x10, 0xfe, 0xf7, 0x60, 0xe2, 0xaf, 0x09, 0xac, 0x1c, 0x6f, 0x9e],
    ),
    (
        "HasEdge",
        "contract/schemas/method.request.json#/methods/HasEdge",
        [0x6b, 0xce, 0x59, 0x33, 0x75, 0xde, 0x38, 0xe4, 0xc5, 0xf0, 0x54, 0x5d, 0x0e, 0xa0, 0x74, 0x49, 0x29, 0x00, 0x5c, 0xfa, 0xb4, 0x0c, 0x1e, 0x4b, 0x7a, 0xe4, 0x07, 0xac, 0xf8, 0x36, 0x66, 0x13],
    ),
    (
        "HasNode",
        "contract/schemas/method.request.json#/methods/HasNode",
        [0x23, 0x4e, 0xab, 0x8c, 0x46, 0xaf, 0xd2, 0x58, 0xe5, 0xd6, 0xbc, 0x95, 0x11, 0x08, 0xbc, 0xb2, 0xc2, 0x0b, 0xcc, 0x8f, 0x50, 0xad, 0x4b, 0x94, 0x89, 0xa1, 0x9c, 0xb4, 0x62, 0x86, 0x63, 0xb4],
    ),
    (
        "HasNodesBatch",
        "contract/schemas/method.request.json#/methods/HasNodesBatch",
        [0x86, 0xa9, 0xb9, 0x34, 0x94, 0x15, 0xf3, 0x56, 0xe9, 0xaf, 0xa7, 0xe0, 0x0f, 0x25, 0xfc, 0x2b, 0xbb, 0x0d, 0xbf, 0xad, 0xef, 0x9f, 0x13, 0x95, 0x5a, 0x77, 0x52, 0xb8, 0x45, 0xcc, 0x37, 0x55],
    ),
    (
        "Health",
        "contract/schemas/method.request.json#/methods/Health",
        [0xe7, 0x03, 0xb8, 0xa4, 0xfc, 0x97, 0x43, 0x89, 0xe7, 0x1f, 0xb7, 0x79, 0xf1, 0x82, 0xf9, 0x04, 0xfd, 0xb2, 0x20, 0xb0, 0x92, 0x55, 0xb8, 0x7b, 0x31, 0xde, 0x25, 0x33, 0x23, 0xf9, 0xdc, 0x40],
    ),
    (
        "IcvConfigure",
        "contract/schemas/method.request.json#/methods/IcvConfigure",
        [0xaa, 0xa3, 0xf8, 0x50, 0xe2, 0x37, 0x3d, 0x35, 0x4f, 0xd1, 0xb7, 0xc2, 0x69, 0x76, 0xc3, 0xfa, 0xaf, 0x2f, 0x3a, 0xd8, 0xec, 0xfd, 0xa6, 0x52, 0x3f, 0x2a, 0x20, 0x3e, 0x16, 0x26, 0x7f, 0x3c],
    ),
    (
        "ImportSqliteFile",
        "contract/schemas/method.request.json#/methods/ImportSqliteFile",
        [0xf4, 0xda, 0xc4, 0x2d, 0x46, 0xfa, 0x95, 0x70, 0x3c, 0x3b, 0x07, 0x72, 0xc9, 0x53, 0xab, 0x48, 0x66, 0xe0, 0x4e, 0xdd, 0x04, 0x25, 0xc2, 0x04, 0x26, 0xa2, 0x43, 0x83, 0x82, 0xa1, 0x3d, 0xb6],
    ),
    (
        "InDegree",
        "contract/schemas/method.request.json#/methods/InDegree",
        [0xb1, 0x05, 0xc8, 0xab, 0x5d, 0x29, 0x6f, 0x3c, 0xab, 0xeb, 0xdf, 0x4a, 0x62, 0x68, 0x92, 0x28, 0xeb, 0x93, 0x9e, 0xa4, 0x3d, 0x13, 0x0f, 0x60, 0x0c, 0xba, 0x75, 0xdc, 0xcc, 0xe7, 0xc8, 0x8e],
    ),
    (
        "IndexRepository",
        "contract/schemas/method.request.json#/methods/IndexRepository",
        [0x45, 0xb6, 0xe7, 0x85, 0xda, 0xc0, 0x5f, 0x3f, 0x74, 0x9d, 0x25, 0xf0, 0xea, 0xec, 0x42, 0xed, 0x47, 0xf5, 0xbb, 0x2e, 0xdc, 0x6b, 0xfc, 0xcd, 0xcc, 0x11, 0x3f, 0x3f, 0x6f, 0xe2, 0x69, 0x55],
    ),
    (
        "InvalidateEdge",
        "contract/schemas/method.request.json#/methods/InvalidateEdge",
        [0x62, 0xaf, 0x04, 0x6c, 0xe3, 0xc1, 0xfa, 0x9d, 0x64, 0x5f, 0xda, 0x3d, 0x60, 0x0e, 0xe3, 0x38, 0x81, 0xc4, 0xf7, 0x43, 0x41, 0x2a, 0xf3, 0x2d, 0xb0, 0xa9, 0x6f, 0x0a, 0x94, 0xb0, 0x1b, 0x31],
    ),
    (
        "IssueControlLease",
        "contract/schemas/method.request.json#/methods/IssueControlLease",
        [0x11, 0xc7, 0x6e, 0x9d, 0x58, 0x00, 0xf1, 0x8a, 0xcd, 0x79, 0x2c, 0xd4, 0x7f, 0x67, 0x41, 0xe8, 0x50, 0x54, 0x1e, 0xb6, 0x57, 0xbc, 0xa9, 0x58, 0x3e, 0x3f, 0x0a, 0x41, 0x48, 0xc5, 0xd9, 0x52],
    ),
    (
        "JoinChannel",
        "contract/schemas/method.request.json#/methods/JoinChannel",
        [0x0d, 0xb3, 0xb3, 0xb2, 0xf6, 0x12, 0xdb, 0xc3, 0x13, 0xc5, 0x86, 0xcf, 0x77, 0x3e, 0x59, 0xba, 0xa8, 0xcd, 0xa8, 0x22, 0x2a, 0x0a, 0x12, 0x75, 0x9d, 0x81, 0xe1, 0x3b, 0x7e, 0x92, 0x9a, 0xa4],
    ),
    (
        "KgDelegate",
        "contract/schemas/method.request.json#/methods/KgDelegate",
        [0x5e, 0xe1, 0xb5, 0x4c, 0x1a, 0xc5, 0x73, 0x44, 0x01, 0x52, 0x4f, 0x85, 0xda, 0x6a, 0x0b, 0x9a, 0x08, 0xf2, 0xa1, 0xab, 0xe5, 0xbe, 0x2c, 0xad, 0x93, 0x9d, 0xa6, 0x9b, 0x88, 0x3b, 0x5b, 0xe3],
    ),
    (
        "KnowledgeStream",
        "contract/schemas/method.request.json#/methods/KnowledgeStream",
        [0xd9, 0xcf, 0x9d, 0x23, 0xbe, 0x03, 0x38, 0xea, 0x50, 0x39, 0x92, 0x33, 0xe4, 0x8e, 0x71, 0x8d, 0x25, 0xd9, 0x2e, 0x3b, 0xfd, 0x5b, 0x08, 0xb8, 0x09, 0x27, 0x77, 0x91, 0x95, 0x58, 0xf9, 0x97],
    ),
    (
        "KvCas",
        "contract/schemas/method.request.json#/methods/KvCas",
        [0x95, 0x6d, 0x04, 0xfa, 0x03, 0x37, 0x23, 0x21, 0x30, 0x9f, 0x17, 0x48, 0x05, 0x03, 0x41, 0x0e, 0x6a, 0x98, 0x95, 0x8e, 0x21, 0xfd, 0xba, 0x93, 0xfb, 0x24, 0x8c, 0xbe, 0xec, 0x66, 0x5a, 0x70],
    ),
    (
        "KvDelete",
        "contract/schemas/method.request.json#/methods/KvDelete",
        [0x88, 0x62, 0x9c, 0x12, 0x8b, 0xaf, 0xf1, 0x2a, 0x99, 0x13, 0xf6, 0xda, 0x73, 0xae, 0xa7, 0x4c, 0x6a, 0xe7, 0xd5, 0xe0, 0x26, 0x25, 0x51, 0xf3, 0x06, 0x25, 0x8d, 0x15, 0xfa, 0x44, 0xd9, 0xa4],
    ),
    (
        "KvGet",
        "contract/schemas/method.request.json#/methods/KvGet",
        [0xb1, 0xf8, 0x75, 0x70, 0xc5, 0xaa, 0x69, 0x6a, 0xb8, 0xfe, 0xe9, 0x0e, 0xdc, 0x95, 0x60, 0x10, 0x05, 0x94, 0xe0, 0xbb, 0x84, 0x23, 0x6f, 0xa0, 0x15, 0x84, 0x12, 0x56, 0xf4, 0xb2, 0xff, 0x4d],
    ),
    (
        "KvPut",
        "contract/schemas/method.request.json#/methods/KvPut",
        [0xe2, 0xe2, 0x04, 0x8b, 0xa3, 0x05, 0x2c, 0x57, 0x12, 0x2e, 0xcf, 0xf0, 0xf2, 0x8f, 0x52, 0x94, 0xc4, 0x62, 0xc0, 0x33, 0xb0, 0xb8, 0xc8, 0x21, 0xa4, 0xa4, 0xe4, 0x5b, 0xd1, 0x3f, 0xa8, 0x5b],
    ),
    (
        "KvScan",
        "contract/schemas/method.request.json#/methods/KvScan",
        [0xce, 0xb7, 0x6e, 0x9a, 0x0c, 0x92, 0x81, 0xa3, 0x1a, 0x8b, 0x38, 0x09, 0xa1, 0x78, 0xca, 0x8c, 0x2a, 0x78, 0x90, 0x9f, 0xd4, 0xb4, 0xd7, 0xfb, 0x80, 0x47, 0x0d, 0xad, 0xf2, 0x3d, 0xad, 0xac],
    ),
    (
        "LeaveChannel",
        "contract/schemas/method.request.json#/methods/LeaveChannel",
        [0x15, 0xa4, 0xb8, 0x23, 0x0d, 0xed, 0xf9, 0x0a, 0x3c, 0x77, 0x7f, 0x87, 0x4e, 0x9b, 0xc2, 0x49, 0x9d, 0x2f, 0xd6, 0xb3, 0xa4, 0x05, 0xc4, 0x47, 0x97, 0xb1, 0x35, 0xcf, 0xa8, 0xa5, 0xe2, 0x1d],
    ),
    (
        "ListChannels",
        "contract/schemas/method.request.json#/methods/ListChannels",
        [0x97, 0x57, 0x67, 0x72, 0xb1, 0xdc, 0x85, 0x6d, 0x9d, 0xaa, 0x43, 0x3f, 0x8e, 0x65, 0x2e, 0x3b, 0xa1, 0x36, 0x8b, 0x07, 0xe2, 0x47, 0xd5, 0x62, 0xd1, 0xbe, 0xbb, 0xcc, 0xc3, 0x1e, 0x66, 0xc6],
    ),
    (
        "ListGraphs",
        "contract/schemas/method.request.json#/methods/ListGraphs",
        [0x60, 0xa3, 0x01, 0xbf, 0x2b, 0xec, 0xc5, 0x65, 0x62, 0x19, 0x59, 0x86, 0x9d, 0xa7, 0x33, 0x99, 0xd0, 0xdf, 0x7e, 0x8b, 0xd3, 0x8e, 0x15, 0x77, 0xfa, 0x14, 0x64, 0xcf, 0x21, 0x05, 0x10, 0xc6],
    ),
    (
        "ListRegisteredServers",
        "contract/schemas/method.request.json#/methods/ListRegisteredServers",
        [0x97, 0xb5, 0x9f, 0xe8, 0x18, 0x26, 0x20, 0x3e, 0xb0, 0x9f, 0x08, 0x30, 0xc6, 0x3d, 0x7c, 0x2d, 0x3b, 0x4d, 0xbd, 0x53, 0xe8, 0x85, 0x48, 0x1b, 0x3d, 0x88, 0x3c, 0xb6, 0x3e, 0xa6, 0x20, 0x7b],
    ),
    (
        "ListTriggers",
        "contract/schemas/method.request.json#/methods/ListTriggers",
        [0x08, 0x99, 0xac, 0xf9, 0x24, 0x64, 0x70, 0x33, 0x7d, 0x34, 0xd0, 0x61, 0x81, 0xab, 0x51, 0xcc, 0x50, 0x7a, 0x80, 0x9c, 0x3d, 0xa7, 0x22, 0x5a, 0xcd, 0x27, 0x87, 0x11, 0xb2, 0x0d, 0x27, 0x20],
    ),
    (
        "ListWorkItems",
        "contract/schemas/method.request.json#/methods/ListWorkItems",
        [0xe3, 0x45, 0x56, 0x73, 0xd6, 0xf6, 0x84, 0x9f, 0x8b, 0x62, 0xb9, 0xa7, 0x28, 0xb6, 0xaf, 0x7c, 0xe2, 0x1e, 0x08, 0x32, 0x2e, 0xe0, 0xfc, 0x9d, 0xec, 0x70, 0x04, 0x49, 0xbc, 0x6b, 0x2c, 0xb7],
    ),
    (
        "Maintain",
        "contract/schemas/method.request.json#/methods/Maintain",
        [0x66, 0xfa, 0x16, 0xf4, 0xe1, 0x90, 0x96, 0x7f, 0x17, 0xac, 0xf9, 0x09, 0xc4, 0x7e, 0xb0, 0x54, 0x87, 0x7f, 0x46, 0x38, 0x16, 0x7f, 0xeb, 0x49, 0x85, 0x5d, 0xef, 0x9d, 0xca, 0x81, 0x3b, 0xe4],
    ),
    (
        "MatchOntologyTerms",
        "contract/schemas/method.request.json#/methods/MatchOntologyTerms",
        [0xaa, 0x8d, 0xaf, 0x25, 0x73, 0x3a, 0x94, 0x89, 0xea, 0xff, 0x4a, 0x99, 0x9a, 0x5f, 0x29, 0x91, 0xcf, 0x5f, 0x42, 0xc2, 0xd1, 0x24, 0x3c, 0x8f, 0x3f, 0x2b, 0x93, 0x1b, 0x98, 0x67, 0x35, 0x64],
    ),
    (
        "MaterializationStatus",
        "contract/schemas/method.request.json#/methods/MaterializationStatus",
        [0xf4, 0xfd, 0x36, 0xc8, 0x43, 0xe4, 0x1c, 0x61, 0x20, 0x00, 0x0b, 0x64, 0x45, 0x83, 0xf4, 0xc2, 0x89, 0x06, 0xfd, 0x5d, 0x73, 0x66, 0x09, 0xf1, 0xb6, 0x91, 0x80, 0xaf, 0x6b, 0x8b, 0x94, 0x99],
    ),
    (
        "Metrics",
        "contract/schemas/method.request.json#/methods/Metrics",
        [0x6e, 0xf5, 0x46, 0x19, 0x62, 0x0a, 0x39, 0x08, 0x8b, 0x37, 0xea, 0xf9, 0x8a, 0x10, 0x33, 0x28, 0x1a, 0x64, 0x1b, 0xec, 0x67, 0xd0, 0x19, 0x06, 0x60, 0xa8, 0x33, 0x9d, 0xb0, 0xa8, 0x11, 0x32],
    ),
    (
        "MineAnomaly",
        "contract/schemas/method.request.json#/methods/MineAnomaly",
        [0x33, 0x05, 0x67, 0xb5, 0xa3, 0xee, 0xad, 0xbf, 0x84, 0x7f, 0xd7, 0x48, 0x3e, 0x9a, 0xc2, 0x84, 0xc7, 0x50, 0x55, 0x30, 0xd6, 0x6f, 0x07, 0x37, 0x86, 0xfd, 0x27, 0x62, 0x5d, 0x66, 0x6d, 0x45],
    ),
    (
        "MineAssociate",
        "contract/schemas/method.request.json#/methods/MineAssociate",
        [0x99, 0xb8, 0x4b, 0x66, 0x87, 0x6b, 0x4e, 0xce, 0x36, 0x63, 0xe6, 0x6e, 0x8c, 0x1a, 0x85, 0x49, 0xa8, 0x0b, 0x89, 0x04, 0xe0, 0x3f, 0x53, 0x80, 0x91, 0x6a, 0x10, 0x26, 0x8f, 0x36, 0xba, 0x93],
    ),
    (
        "MineCausalImpact",
        "contract/schemas/method.request.json#/methods/MineCausalImpact",
        [0x8d, 0xdf, 0xe4, 0xad, 0x81, 0x5b, 0x02, 0x56, 0x14, 0x6c, 0x50, 0xfc, 0x42, 0x99, 0x63, 0x64, 0xbc, 0x8e, 0x2d, 0x83, 0x2a, 0x53, 0x3c, 0xea, 0x1a, 0x87, 0xdd, 0x2f, 0xe1, 0xee, 0xa9, 0x48],
    ),
    (
        "MineClassifyFit",
        "contract/schemas/method.request.json#/methods/MineClassifyFit",
        [0xb8, 0xec, 0xcc, 0x02, 0x2f, 0x69, 0x31, 0x55, 0xde, 0x4e, 0x81, 0x91, 0x10, 0xf5, 0x97, 0x7d, 0xa1, 0xed, 0xf1, 0xc3, 0x50, 0x17, 0x62, 0xcb, 0x08, 0xaf, 0x3e, 0x07, 0x0a, 0xe8, 0x87, 0x7e],
    ),
    (
        "MineClassifyPredict",
        "contract/schemas/method.request.json#/methods/MineClassifyPredict",
        [0xff, 0x4a, 0x20, 0xb4, 0xa4, 0x1d, 0x7c, 0xca, 0x28, 0x6c, 0xa5, 0xbe, 0x04, 0xf7, 0x94, 0x32, 0xc4, 0xfa, 0xff, 0x14, 0xb5, 0x40, 0xe8, 0x44, 0xc3, 0x86, 0x24, 0x59, 0x8e, 0x66, 0xb5, 0xb6],
    ),
    (
        "MineCluster",
        "contract/schemas/method.request.json#/methods/MineCluster",
        [0xce, 0x07, 0x59, 0xfa, 0xd0, 0x6c, 0xb4, 0x04, 0x59, 0x92, 0xee, 0x3b, 0xee, 0x26, 0xa0, 0xa7, 0x92, 0xdb, 0x65, 0x99, 0x91, 0x73, 0xcc, 0x18, 0x3e, 0x3a, 0x6d, 0x3d, 0xc2, 0x6a, 0x3e, 0xb5],
    ),
    (
        "MineCommunity",
        "contract/schemas/method.request.json#/methods/MineCommunity",
        [0x12, 0xdb, 0xbf, 0xfe, 0xc4, 0x66, 0xe2, 0x3a, 0x79, 0x43, 0x98, 0xbd, 0xaa, 0x0c, 0x67, 0x92, 0x79, 0x69, 0x37, 0xc0, 0x85, 0xdf, 0x11, 0xef, 0xf2, 0xa6, 0xb1, 0x5d, 0x4e, 0xe1, 0x12, 0xcc],
    ),
    (
        "MineEntityResolve",
        "contract/schemas/method.request.json#/methods/MineEntityResolve",
        [0x03, 0x79, 0x24, 0x9d, 0x71, 0x19, 0xef, 0xde, 0x7b, 0xff, 0x89, 0x9d, 0x25, 0x48, 0x64, 0xda, 0xa9, 0xd8, 0x89, 0xb0, 0xbe, 0xa1, 0x27, 0xdc, 0x95, 0xa7, 0x1c, 0x8f, 0xd8, 0xb4, 0x0b, 0x52],
    ),
    (
        "MineForecast",
        "contract/schemas/method.request.json#/methods/MineForecast",
        [0x37, 0x1f, 0xc6, 0x58, 0x96, 0x6a, 0x50, 0x2a, 0x71, 0xf1, 0x41, 0x98, 0x7b, 0xca, 0x4f, 0x09, 0x85, 0xd3, 0x28, 0x7e, 0xbc, 0xc2, 0x26, 0x96, 0xb1, 0x2e, 0x9e, 0x5a, 0x24, 0x2e, 0x90, 0x87],
    ),
    (
        "MineOntologyGap",
        "contract/schemas/method.request.json#/methods/MineOntologyGap",
        [0x33, 0x84, 0xf4, 0x6e, 0x54, 0xe5, 0x49, 0x10, 0xe5, 0x9b, 0xbb, 0x22, 0xcf, 0x16, 0x1b, 0x2d, 0x89, 0x94, 0xc2, 0x98, 0x68, 0xc3, 0x9a, 0x3f, 0xac, 0xdc, 0x67, 0x4b, 0xd0, 0xd7, 0x5c, 0xf7],
    ),
    (
        "MineProcess",
        "contract/schemas/method.request.json#/methods/MineProcess",
        [0xa5, 0xec, 0xa5, 0xc0, 0x02, 0x1f, 0x38, 0x27, 0x23, 0x69, 0xf3, 0xf2, 0xe0, 0x6b, 0x83, 0xbb, 0xc5, 0xea, 0x18, 0x25, 0x82, 0x30, 0xb3, 0xff, 0x03, 0x49, 0xf6, 0x18, 0x93, 0x9e, 0x55, 0x6b],
    ),
    (
        "MineReduce",
        "contract/schemas/method.request.json#/methods/MineReduce",
        [0x81, 0x7e, 0x9c, 0x38, 0xd3, 0xe7, 0x0c, 0x7a, 0x9c, 0x8e, 0x1a, 0x8a, 0xb9, 0x65, 0x38, 0x1d, 0x66, 0x98, 0x72, 0x54, 0x4d, 0x76, 0x33, 0x28, 0x55, 0xe6, 0x7c, 0xd6, 0xc9, 0x02, 0x90, 0x06],
    ),
    (
        "MineRetrievalQuality",
        "contract/schemas/method.request.json#/methods/MineRetrievalQuality",
        [0xca, 0x95, 0x59, 0x89, 0xff, 0xca, 0x02, 0x5b, 0x14, 0xbc, 0x24, 0x42, 0x16, 0x4e, 0x48, 0x1d, 0xb5, 0x65, 0xc3, 0x40, 0x2d, 0x70, 0x32, 0x48, 0xc8, 0xb5, 0x91, 0x58, 0x7d, 0x4b, 0x0a, 0x7d],
    ),
    (
        "MineRiskPropagation",
        "contract/schemas/method.request.json#/methods/MineRiskPropagation",
        [0x25, 0x99, 0xf4, 0x03, 0xbe, 0x55, 0xf0, 0xc3, 0x55, 0x8d, 0x54, 0x03, 0xf9, 0x66, 0x37, 0x7d, 0x8d, 0xce, 0x1f, 0x72, 0x22, 0xe8, 0x7c, 0xf8, 0x1d, 0xe9, 0x8d, 0xb5, 0x34, 0xc1, 0x35, 0xb5],
    ),
    (
        "MineRootCause",
        "contract/schemas/method.request.json#/methods/MineRootCause",
        [0xea, 0x37, 0x9c, 0x7a, 0x9e, 0x89, 0x23, 0x93, 0x21, 0x2e, 0x2b, 0x78, 0xf4, 0x6b, 0xe1, 0x38, 0x85, 0x44, 0x24, 0x96, 0x85, 0xc6, 0xe7, 0x27, 0x0c, 0x16, 0x81, 0x4a, 0x3d, 0xbf, 0xa2, 0xd5],
    ),
    (
        "MineSequence",
        "contract/schemas/method.request.json#/methods/MineSequence",
        [0xd1, 0x63, 0xaf, 0xb4, 0xaa, 0x32, 0x74, 0x6f, 0xc4, 0xc0, 0xa4, 0xcb, 0x8e, 0xd7, 0x04, 0x48, 0xb1, 0x0a, 0x4d, 0x62, 0xd0, 0xc3, 0x81, 0xe7, 0x19, 0x57, 0x3c, 0xaf, 0x32, 0xb9, 0x67, 0xfb],
    ),
    (
        "MineSubgraph",
        "contract/schemas/method.request.json#/methods/MineSubgraph",
        [0x88, 0xc0, 0xc5, 0x4a, 0x58, 0x47, 0xa3, 0x81, 0x64, 0xfe, 0xb3, 0x7d, 0xea, 0x4c, 0x3c, 0xea, 0x10, 0x44, 0x7d, 0xba, 0x7c, 0x77, 0x64, 0xd6, 0xf2, 0x1f, 0x98, 0x2b, 0x46, 0xc5, 0x70, 0x73],
    ),
    (
        "MineText",
        "contract/schemas/method.request.json#/methods/MineText",
        [0xa4, 0xa3, 0xdd, 0xa7, 0xab, 0x89, 0x9f, 0x5c, 0xcc, 0xc6, 0x50, 0xab, 0x06, 0xbc, 0x99, 0xe1, 0xbd, 0x14, 0xab, 0x1c, 0x0c, 0xd3, 0x69, 0x48, 0x94, 0x0b, 0x38, 0x72, 0xc4, 0x3c, 0xe9, 0xb8],
    ),
    (
        "MinimumSpanningTree",
        "contract/schemas/method.request.json#/methods/MinimumSpanningTree",
        [0xcc, 0x54, 0x42, 0x1f, 0x8d, 0x29, 0x64, 0xb2, 0xa6, 0x0a, 0x92, 0x80, 0x5e, 0x9e, 0x8f, 0xd1, 0xb8, 0x60, 0xf1, 0xaa, 0x66, 0x0f, 0x54, 0xc4, 0xe3, 0xc7, 0x30, 0x2d, 0x95, 0xe8, 0x7f, 0xd1],
    ),
    (
        "MiningPipelineCompare",
        "contract/schemas/method.request.json#/methods/MiningPipelineCompare",
        [0x1b, 0x5d, 0x66, 0x21, 0xcc, 0x77, 0x30, 0x4f, 0xa9, 0x07, 0xb4, 0x15, 0xd3, 0x04, 0x4d, 0xe6, 0xaf, 0x75, 0x98, 0xac, 0x92, 0xb3, 0xd4, 0x97, 0x9a, 0x86, 0x35, 0x98, 0x97, 0x0b, 0xdc, 0x50],
    ),
    (
        "MiningPipelineEvaluate",
        "contract/schemas/method.request.json#/methods/MiningPipelineEvaluate",
        [0x8a, 0xaf, 0xc3, 0x9c, 0x7b, 0xf0, 0xde, 0x78, 0x48, 0x7f, 0x88, 0xd4, 0x0b, 0x0e, 0x77, 0x63, 0x0c, 0x32, 0xa7, 0x56, 0x0d, 0x61, 0x4d, 0x13, 0x8e, 0xa3, 0x30, 0x49, 0x64, 0x0e, 0x7a, 0xe1],
    ),
    (
        "MiningPipelinePredict",
        "contract/schemas/method.request.json#/methods/MiningPipelinePredict",
        [0xc8, 0x5f, 0xfd, 0xea, 0x10, 0x50, 0x7b, 0x27, 0xed, 0x7f, 0x63, 0x3c, 0x36, 0x05, 0x12, 0x68, 0x3d, 0x4c, 0xac, 0x84, 0x5c, 0xee, 0xb2, 0xb7, 0x76, 0x24, 0x9e, 0x48, 0x05, 0xcb, 0x45, 0x68],
    ),
    (
        "MiningPipelineServe",
        "contract/schemas/method.request.json#/methods/MiningPipelineServe",
        [0x7c, 0x0c, 0x6a, 0x05, 0x3d, 0xfb, 0x78, 0xb8, 0xae, 0x3f, 0x08, 0xeb, 0x49, 0xdd, 0x5c, 0x9e, 0x3d, 0x40, 0xba, 0xaf, 0x68, 0xa6, 0xea, 0x47, 0xd8, 0x5b, 0x0b, 0xd1, 0x4d, 0x19, 0x49, 0xbb],
    ),
    (
        "MiningPipelineTrain",
        "contract/schemas/method.request.json#/methods/MiningPipelineTrain",
        [0x56, 0x19, 0x87, 0x82, 0x43, 0xb7, 0x36, 0x42, 0x02, 0x98, 0xd5, 0xdd, 0x1e, 0xf3, 0x38, 0xd1, 0xcf, 0x20, 0x2d, 0x00, 0xff, 0xed, 0x46, 0x25, 0x18, 0x83, 0x5a, 0x1e, 0x85, 0xa0, 0xb1, 0x55],
    ),
    (
        "MintWorkItemClaimCapability",
        "contract/schemas/method.request.json#/methods/MintWorkItemClaimCapability",
        [0xfe, 0x64, 0xda, 0x80, 0x2c, 0x40, 0xc3, 0x91, 0xd8, 0x30, 0x53, 0x87, 0x27, 0x18, 0xcd, 0xe1, 0x0d, 0x79, 0xff, 0xcc, 0x71, 0x14, 0x9a, 0x26, 0xb0, 0x88, 0x28, 0xc8, 0x8e, 0xe2, 0x83, 0x1a],
    ),
    (
        "MultiGraphBatchUpdate",
        "contract/schemas/method.request.json#/methods/MultiGraphBatchUpdate",
        [0xfb, 0xb4, 0x16, 0x59, 0x2f, 0x25, 0x22, 0x8d, 0x13, 0x4e, 0xd7, 0xbd, 0x26, 0x7e, 0xa1, 0xfc, 0xf2, 0xcb, 0x97, 0x31, 0x5a, 0xe6, 0xed, 0x22, 0x11, 0x32, 0xa3, 0x5f, 0xf1, 0xce, 0x71, 0x61],
    ),
    (
        "MutationOutbox",
        "contract/schemas/method.request.json#/methods/MutationOutbox",
        [0xbf, 0x31, 0x3b, 0xb4, 0xcd, 0xb6, 0x48, 0x2b, 0x3f, 0x3e, 0x8c, 0xa6, 0x0b, 0x6b, 0x4c, 0xa6, 0x4c, 0x69, 0x3d, 0xf8, 0xcb, 0xd4, 0xce, 0xa7, 0xaf, 0xec, 0x33, 0xd7, 0x91, 0x2c, 0xae, 0x7f],
    ),
    (
        "NlQuery",
        "contract/schemas/method.request.json#/methods/NlQuery",
        [0x3f, 0xdf, 0x4d, 0xc7, 0xb9, 0x6b, 0x04, 0xc0, 0x40, 0x74, 0x95, 0xd4, 0x24, 0x76, 0x7b, 0xf0, 0x62, 0xd7, 0xd2, 0x2e, 0x6d, 0x99, 0x48, 0x54, 0x77, 0xdf, 0x08, 0xd2, 0xc9, 0x89, 0xbe, 0x61],
    ),
    (
        "NodeCount",
        "contract/schemas/method.request.json#/methods/NodeCount",
        [0xc1, 0xd6, 0x0a, 0x24, 0xa9, 0x89, 0x35, 0x1c, 0xa4, 0x5f, 0xfd, 0x81, 0xc1, 0x4d, 0xdc, 0x6a, 0xa9, 0xb4, 0x48, 0x74, 0x44, 0xcd, 0xc5, 0x00, 0x3d, 0xc3, 0x86, 0xe5, 0x7e, 0x42, 0x33, 0x1e],
    ),
    (
        "NodeIds",
        "contract/schemas/method.request.json#/methods/NodeIds",
        [0xc3, 0xe8, 0x1e, 0xe4, 0x6f, 0xef, 0xb7, 0x4b, 0xec, 0xa9, 0x07, 0x69, 0xc8, 0xec, 0xf6, 0x04, 0x71, 0x44, 0x27, 0x34, 0x71, 0xb0, 0x7f, 0x44, 0x38, 0x53, 0xc2, 0xa5, 0xd1, 0x7b, 0xe6, 0x22],
    ),
    (
        "ObserveDevelopmentLane",
        "contract/schemas/method.request.json#/methods/ObserveDevelopmentLane",
        [0xbf, 0x2c, 0x14, 0xf3, 0x59, 0xb1, 0xe8, 0x7e, 0x15, 0xc2, 0xd1, 0xfb, 0x57, 0xe8, 0x5b, 0x55, 0x20, 0x8d, 0x08, 0x34, 0x75, 0x3a, 0x5d, 0x7b, 0xa7, 0xba, 0xaa, 0x9a, 0x4f, 0xda, 0x13, 0x24],
    ),
    (
        "ObserveScreen",
        "contract/schemas/method.request.json#/methods/ObserveScreen",
        [0x13, 0x0b, 0x8c, 0x03, 0xa4, 0x26, 0x2f, 0x34, 0x15, 0xe4, 0xd6, 0x46, 0xdb, 0x37, 0xf8, 0x68, 0x19, 0xc5, 0x2c, 0x47, 0x9f, 0xcb, 0x8d, 0x62, 0x02, 0xb6, 0xd1, 0x07, 0x44, 0x63, 0x8d, 0xc0],
    ),
    (
        "OutDegree",
        "contract/schemas/method.request.json#/methods/OutDegree",
        [0xe8, 0x73, 0x51, 0x74, 0x21, 0x75, 0x91, 0xb8, 0x07, 0x98, 0x58, 0x7c, 0x5b, 0x84, 0x3b, 0xa7, 0x62, 0xa2, 0xcc, 0xa6, 0x70, 0x33, 0x1f, 0x80, 0x4d, 0x2f, 0x97, 0xad, 0x37, 0x2d, 0x43, 0xda],
    ),
    (
        "OwlExplain",
        "contract/schemas/method.request.json#/methods/OwlExplain",
        [0x87, 0x24, 0xd3, 0x48, 0xb6, 0x46, 0x62, 0x3a, 0x1f, 0xe6, 0xa0, 0xad, 0x78, 0xbd, 0xf4, 0x70, 0x50, 0xb0, 0x30, 0x2c, 0x08, 0xba, 0xb7, 0x3e, 0x0a, 0x9b, 0x69, 0x23, 0x9d, 0x98, 0x95, 0x97],
    ),
    (
        "OwlReason",
        "contract/schemas/method.request.json#/methods/OwlReason",
        [0x00, 0xbf, 0x89, 0xd0, 0xbf, 0xa7, 0x8f, 0x83, 0x4f, 0x15, 0xb7, 0xcc, 0x23, 0xae, 0x5e, 0x69, 0x59, 0x70, 0xae, 0xfe, 0x9d, 0x61, 0xd2, 0xa9, 0xfc, 0x14, 0xe5, 0x95, 0xdc, 0x72, 0xdb, 0xf3],
    ),
    (
        "OwlReasonDistributed",
        "contract/schemas/method.request.json#/methods/OwlReasonDistributed",
        [0x52, 0x4a, 0xab, 0xd9, 0xc2, 0x40, 0x15, 0xba, 0x45, 0x1f, 0xb5, 0x4c, 0xb0, 0x7e, 0x28, 0xb9, 0x7f, 0x72, 0x42, 0x38, 0xbe, 0x53, 0xc2, 0x91, 0xc6, 0x98, 0x2f, 0xfc, 0x98, 0x67, 0x73, 0xa2],
    ),
    (
        "PageRank",
        "contract/schemas/method.request.json#/methods/PageRank",
        [0x9c, 0xa5, 0x13, 0x6f, 0xb5, 0xf9, 0x16, 0x4d, 0xce, 0x65, 0x36, 0x83, 0x79, 0x3c, 0xf9, 0x30, 0x77, 0x42, 0x50, 0x90, 0x5f, 0x4b, 0x42, 0x18, 0x4d, 0x3e, 0x1f, 0xe7, 0x04, 0xf0, 0x00, 0x9f],
    ),
    (
        "ParseFile",
        "contract/schemas/method.request.json#/methods/ParseFile",
        [0x10, 0xe1, 0x5b, 0xed, 0x29, 0x3d, 0x45, 0xce, 0x12, 0x70, 0xd6, 0x56, 0xff, 0x82, 0x01, 0x5c, 0x52, 0x12, 0x0b, 0x83, 0xd0, 0x48, 0x36, 0xf7, 0x12, 0x7e, 0x7c, 0x7a, 0x7a, 0xb7, 0x31, 0x41],
    ),
    (
        "ParseFiles",
        "contract/schemas/method.request.json#/methods/ParseFiles",
        [0x1f, 0x1e, 0x67, 0xb1, 0x40, 0xb0, 0x32, 0x98, 0xba, 0x27, 0xfe, 0x20, 0x9f, 0x92, 0xeb, 0xd5, 0x3e, 0xb6, 0x56, 0x58, 0x83, 0x31, 0xb6, 0xe8, 0x5a, 0x46, 0x83, 0xe3, 0xc9, 0x2e, 0xf7, 0x6a],
    ),
    (
        "PersonalizedPageRank",
        "contract/schemas/method.request.json#/methods/PersonalizedPageRank",
        [0x77, 0x8f, 0x88, 0xae, 0x7c, 0x51, 0x98, 0xe7, 0xd5, 0x45, 0xf7, 0x10, 0xc4, 0x20, 0x12, 0x7d, 0xf2, 0x14, 0x19, 0x5f, 0x4c, 0x07, 0x3e, 0xea, 0xf4, 0x22, 0x94, 0xed, 0xdd, 0x28, 0x1e, 0xfd],
    ),
    (
        "Ping",
        "contract/schemas/method.request.json#/methods/Ping",
        [0x46, 0xaa, 0x3a, 0x4a, 0xed, 0xb9, 0x9d, 0x33, 0x3a, 0x78, 0x6c, 0x03, 0x0e, 0xbb, 0x01, 0xf6, 0x19, 0xb5, 0xcd, 0x4b, 0x2f, 0x15, 0xe3, 0xdb, 0xa8, 0x53, 0x32, 0x1a, 0xcb, 0xc0, 0x5b, 0xf3],
    ),
    (
        "PlacementAdmin",
        "contract/schemas/method.request.json#/methods/PlacementAdmin",
        [0x5a, 0x97, 0xc8, 0x0b, 0x66, 0xd1, 0x79, 0xa4, 0xa1, 0xdb, 0x53, 0x4d, 0xc3, 0xd4, 0xe6, 0x73, 0xc2, 0x89, 0x55, 0xbd, 0xc6, 0x64, 0xe7, 0xed, 0xff, 0x4d, 0x8c, 0xba, 0xd7, 0x72, 0x43, 0xee],
    ),
    (
        "PlacementRoute",
        "contract/schemas/method.request.json#/methods/PlacementRoute",
        [0x72, 0xff, 0x30, 0x59, 0x59, 0xbc, 0xf2, 0x1f, 0xe5, 0xf5, 0xa0, 0x07, 0x83, 0x81, 0xac, 0xa0, 0x96, 0xc0, 0xf6, 0x21, 0x1b, 0x9f, 0xab, 0x68, 0x78, 0xad, 0x2c, 0x12, 0xdf, 0xb9, 0xcc, 0xab],
    ),
    (
        "PlanMatViewDefine",
        "contract/schemas/method.request.json#/methods/PlanMatViewDefine",
        [0xb8, 0xcd, 0xa6, 0x09, 0xfb, 0x5c, 0x36, 0xa4, 0x0a, 0x36, 0x70, 0x25, 0x96, 0x95, 0xef, 0x9d, 0x3a, 0x9e, 0x89, 0x93, 0x27, 0x29, 0x50, 0x57, 0xfa, 0x89, 0x62, 0x54, 0x20, 0x13, 0x6a, 0x18],
    ),
    (
        "PlanMatViewDrop",
        "contract/schemas/method.request.json#/methods/PlanMatViewDrop",
        [0xf9, 0x2d, 0xb6, 0xdb, 0x4c, 0xd3, 0x8e, 0x81, 0xb9, 0x0e, 0xb3, 0x0f, 0xad, 0x67, 0xfa, 0xe8, 0xd1, 0x86, 0xa3, 0x5f, 0x42, 0x17, 0x6e, 0xcd, 0x5c, 0x65, 0xb2, 0xf9, 0x10, 0x12, 0xa9, 0xce],
    ),
    (
        "PlanMatViewGet",
        "contract/schemas/method.request.json#/methods/PlanMatViewGet",
        [0xf7, 0x47, 0xa3, 0x7c, 0x11, 0x55, 0xbd, 0x4a, 0x24, 0x36, 0x20, 0x84, 0x75, 0x25, 0x4d, 0xc9, 0xad, 0x13, 0x7e, 0xe1, 0xa8, 0x05, 0x55, 0x26, 0x02, 0xea, 0x63, 0xcc, 0x8b, 0x24, 0xac, 0x19],
    ),
    (
        "PlanMatViewRefresh",
        "contract/schemas/method.request.json#/methods/PlanMatViewRefresh",
        [0x48, 0xe3, 0x70, 0xe3, 0x50, 0xda, 0x9b, 0x54, 0x52, 0xd7, 0xb5, 0x21, 0x37, 0x00, 0x4a, 0x11, 0x8a, 0xbd, 0x0e, 0x84, 0x00, 0x25, 0x3f, 0x51, 0x16, 0x07, 0x71, 0x19, 0xfb, 0x85, 0x6b, 0x1c],
    ),
    (
        "PruneByLifecycle",
        "contract/schemas/method.request.json#/methods/PruneByLifecycle",
        [0x3e, 0x18, 0xc4, 0x22, 0x77, 0x84, 0xa0, 0x29, 0x84, 0x61, 0x70, 0xe3, 0x05, 0xa4, 0xb2, 0x3a, 0xe1, 0xf2, 0xa0, 0x60, 0xe5, 0x2a, 0xc1, 0x2a, 0x4f, 0x88, 0x2f, 0x32, 0xdb, 0xae, 0xc2, 0xd4],
    ),
    (
        "Publish",
        "contract/schemas/method.request.json#/methods/Publish",
        [0x5b, 0xce, 0x6d, 0x61, 0x4d, 0xd7, 0xed, 0xba, 0xac, 0x2b, 0x7e, 0xc0, 0xd3, 0xb1, 0xa6, 0x97, 0xd9, 0x2b, 0x06, 0x75, 0xec, 0x40, 0x96, 0x8b, 0xd7, 0x28, 0x09, 0x65, 0x21, 0xcc, 0xef, 0xbc],
    ),
    (
        "PublishConfirmed",
        "contract/schemas/method.request.json#/methods/PublishConfirmed",
        [0x38, 0xbc, 0xec, 0x45, 0xe7, 0xc5, 0x63, 0x65, 0x79, 0xe8, 0x11, 0xa6, 0x36, 0xe2, 0x05, 0x6a, 0x7d, 0x94, 0x7d, 0xf0, 0xcb, 0x00, 0xec, 0xab, 0x55, 0x54, 0x32, 0x3d, 0x49, 0x1e, 0x77, 0xe6],
    ),
    (
        "PublishEx",
        "contract/schemas/method.request.json#/methods/PublishEx",
        [0x10, 0xba, 0xe6, 0x84, 0x47, 0xb9, 0xe4, 0x85, 0x9b, 0x20, 0xd5, 0xc5, 0xf6, 0xe2, 0x6a, 0x39, 0xde, 0xee, 0x48, 0x4e, 0xff, 0x6a, 0x17, 0x75, 0xf2, 0x36, 0xdc, 0xe1, 0xbd, 0x90, 0x57, 0x1e],
    ),
    (
        "PublishIdempotent",
        "contract/schemas/method.request.json#/methods/PublishIdempotent",
        [0x32, 0x1c, 0x6f, 0x80, 0x96, 0xd3, 0xfd, 0x2f, 0x43, 0xe5, 0x3d, 0x3f, 0x8b, 0xdc, 0x6d, 0x0b, 0x18, 0xf5, 0xa5, 0x76, 0x9f, 0x4f, 0xc2, 0x35, 0x5a, 0x19, 0xd0, 0xb9, 0x5b, 0xcd, 0x1c, 0xa1],
    ),
    (
        "Quantum",
        "contract/schemas/method.request.json#/methods/Quantum",
        [0x55, 0x17, 0x7e, 0x82, 0x10, 0x16, 0x56, 0xb6, 0x90, 0xaf, 0xf3, 0x2a, 0x4f, 0xd3, 0xbe, 0x4f, 0x79, 0x00, 0x38, 0x7c, 0x8a, 0x7e, 0xb8, 0xef, 0x9c, 0x11, 0x67, 0x4a, 0xb4, 0xd1, 0x6a, 0xc1],
    ),
    (
        "QueryDevelopmentLane",
        "contract/schemas/method.request.json#/methods/QueryDevelopmentLane",
        [0xff, 0xe4, 0xf5, 0x63, 0x4e, 0xbc, 0x7b, 0xee, 0xc4, 0x50, 0x60, 0xeb, 0x93, 0x9c, 0x00, 0x56, 0x29, 0xf6, 0xe5, 0x59, 0x4f, 0x11, 0xeb, 0x3d, 0xc1, 0x98, 0xcc, 0x17, 0xe3, 0x67, 0x33, 0x83],
    ),
    (
        "QueryWorkItemReservation",
        "contract/schemas/method.request.json#/methods/QueryWorkItemReservation",
        [0x4e, 0x63, 0x40, 0x1e, 0x24, 0x57, 0x38, 0xe8, 0x5c, 0xe2, 0x07, 0x3f, 0xcb, 0x09, 0x6a, 0x6a, 0xff, 0xb2, 0x23, 0x5c, 0xf0, 0x5d, 0x1b, 0x7c, 0x2e, 0xaa, 0xeb, 0x08, 0xc8, 0x9c, 0xf3, 0xd1],
    ),
    (
        "RaftAddLearner",
        "contract/schemas/method.request.json#/methods/RaftAddLearner",
        [0x90, 0x48, 0x4d, 0xe9, 0x2f, 0xd7, 0xab, 0xdf, 0xb2, 0xc6, 0x0c, 0x54, 0xc8, 0xc4, 0x68, 0x14, 0x75, 0xc6, 0xee, 0xbc, 0xc7, 0x61, 0x5a, 0xfa, 0xee, 0x89, 0x72, 0x2a, 0x56, 0x7a, 0xe3, 0x66],
    ),
    (
        "RaftChangeMembership",
        "contract/schemas/method.request.json#/methods/RaftChangeMembership",
        [0x5e, 0xd3, 0xda, 0x99, 0x70, 0x51, 0xc6, 0x8e, 0x05, 0xd0, 0x19, 0x91, 0xde, 0xa8, 0x81, 0x79, 0x74, 0x57, 0x6f, 0xd4, 0x63, 0xc7, 0xe8, 0x30, 0x6a, 0xb2, 0xde, 0xc1, 0x48, 0x3b, 0xa0, 0x0d],
    ),
    (
        "RankByProvenance",
        "contract/schemas/method.request.json#/methods/RankByProvenance",
        [0x71, 0xce, 0x20, 0xcc, 0x8b, 0xed, 0xcb, 0xb2, 0x7a, 0xa2, 0x3e, 0xee, 0x0c, 0xcc, 0x77, 0x0d, 0xa6, 0x9d, 0x01, 0x4d, 0x43, 0xb2, 0x0d, 0x5e, 0xce, 0x64, 0x6f, 0xeb, 0x9d, 0x17, 0xb1, 0x89],
    ),
    (
        "RbacAdmin",
        "contract/schemas/method.request.json#/methods/RbacAdmin",
        [0x3b, 0x4a, 0xcb, 0x6e, 0x06, 0x60, 0xad, 0x09, 0x3f, 0x93, 0x15, 0x16, 0xa6, 0xdb, 0x80, 0x24, 0xac, 0x29, 0x6a, 0x46, 0x23, 0x71, 0xf0, 0x3f, 0xbc, 0x4f, 0xff, 0xf6, 0xb7, 0x07, 0xee, 0x03],
    ),
    (
        "ReadContinuousQuery",
        "contract/schemas/method.request.json#/methods/ReadContinuousQuery",
        [0x7e, 0x81, 0x36, 0xfa, 0x71, 0xed, 0x19, 0xf0, 0x1c, 0xbf, 0x04, 0x60, 0x7a, 0x42, 0x42, 0xd4, 0xc9, 0xb7, 0x22, 0x36, 0xa3, 0x07, 0x24, 0xfc, 0x72, 0xe3, 0x9e, 0x3f, 0x1f, 0x4c, 0xc4, 0xa2],
    ),
    (
        "RebalanceExecute",
        "contract/schemas/method.request.json#/methods/RebalanceExecute",
        [0x03, 0xd2, 0xbc, 0xc8, 0xa9, 0x45, 0x11, 0x05, 0xff, 0xc6, 0xc0, 0xce, 0x64, 0x94, 0x8b, 0xd2, 0xab, 0xd6, 0x34, 0x33, 0x28, 0x1a, 0x76, 0x13, 0x39, 0x05, 0x8f, 0xf7, 0x52, 0x9d, 0x25, 0x34],
    ),
    (
        "RebalancePlan",
        "contract/schemas/method.request.json#/methods/RebalancePlan",
        [0x76, 0xd9, 0xa9, 0xd3, 0xcb, 0xbe, 0x8a, 0x50, 0x4d, 0x5d, 0xbc, 0x77, 0xcc, 0xed, 0xeb, 0x2b, 0x19, 0x19, 0x34, 0x85, 0x61, 0x22, 0x3c, 0x02, 0xeb, 0x7e, 0xe2, 0x12, 0x38, 0x51, 0xfc, 0xfc],
    ),
    (
        "ReclaimExpiredCapacity",
        "contract/schemas/method.request.json#/methods/ReclaimExpiredCapacity",
        [0xe2, 0x1c, 0xc9, 0x79, 0x2f, 0x4e, 0x20, 0x80, 0xa6, 0x69, 0x62, 0x4c, 0x72, 0x65, 0xfa, 0x56, 0x71, 0x41, 0xf3, 0xc8, 0x7b, 0xa3, 0x55, 0x1a, 0x21, 0xcf, 0x4f, 0x65, 0x29, 0x40, 0x30, 0x4f],
    ),
    (
        "ReclaimWorkItemResources",
        "contract/schemas/method.request.json#/methods/ReclaimWorkItemResources",
        [0xdb, 0x77, 0x5f, 0xe1, 0x16, 0xb8, 0x85, 0x0c, 0xcf, 0x4c, 0x27, 0x97, 0xb2, 0x94, 0x38, 0x74, 0x48, 0x23, 0x1b, 0x21, 0xa4, 0x46, 0x23, 0x72, 0x86, 0x9a, 0x9e, 0xaf, 0x03, 0x9f, 0xcb, 0x5f],
    ),
    (
        "RecomputeMaterialization",
        "contract/schemas/method.request.json#/methods/RecomputeMaterialization",
        [0xfc, 0x2a, 0xe1, 0x13, 0x59, 0xa9, 0x52, 0x10, 0x31, 0x95, 0x58, 0x3e, 0x65, 0x9d, 0x9f, 0x83, 0x95, 0x13, 0x9f, 0x14, 0xc8, 0x32, 0xa4, 0x81, 0x5f, 0x19, 0xe0, 0xbb, 0xf3, 0x47, 0x5c, 0xb2],
    ),
    (
        "Reconcile",
        "contract/schemas/method.request.json#/methods/Reconcile",
        [0xdb, 0x02, 0xd2, 0xde, 0xda, 0x3b, 0xee, 0xdf, 0x45, 0x57, 0x75, 0x65, 0x2a, 0x57, 0x50, 0xb0, 0xea, 0x23, 0xfe, 0x3f, 0x35, 0x13, 0x52, 0xc3, 0x63, 0xec, 0xee, 0xf3, 0x48, 0x0b, 0x36, 0x5b],
    ),
    (
        "ReconcileCapacity",
        "contract/schemas/method.request.json#/methods/ReconcileCapacity",
        [0x97, 0xaa, 0x20, 0x88, 0x45, 0xca, 0x25, 0xbe, 0x24, 0x6c, 0xd8, 0x85, 0x8c, 0x05, 0x06, 0x74, 0xfc, 0x21, 0x5d, 0x73, 0xe1, 0x94, 0x2a, 0x16, 0x1f, 0x02, 0x7f, 0x3e, 0x30, 0xdd, 0xe3, 0x42],
    ),
    (
        "RefreshMatView",
        "contract/schemas/method.request.json#/methods/RefreshMatView",
        [0xd6, 0xfa, 0x1f, 0xaf, 0x5f, 0xfa, 0x2f, 0xfc, 0x04, 0xad, 0x05, 0xf4, 0x85, 0x18, 0x0d, 0xd9, 0xca, 0x60, 0xa7, 0x82, 0x50, 0xd5, 0x7e, 0x78, 0x23, 0x00, 0x35, 0xd4, 0x2c, 0x6d, 0xab, 0x4d],
    ),
    (
        "RegisterContinuousQuery",
        "contract/schemas/method.request.json#/methods/RegisterContinuousQuery",
        [0x79, 0x89, 0xad, 0x74, 0x15, 0xcf, 0xe9, 0xb9, 0x43, 0xd0, 0x6a, 0x09, 0x3b, 0x89, 0x4a, 0xde, 0x83, 0x56, 0xa7, 0xf7, 0x99, 0x3f, 0xe9, 0x7e, 0x64, 0xb8, 0x37, 0x54, 0xc2, 0x5a, 0x86, 0xe8],
    ),
    (
        "RegisterForeignSource",
        "contract/schemas/method.request.json#/methods/RegisterForeignSource",
        [0xd7, 0xea, 0x08, 0x5b, 0x05, 0x80, 0x90, 0xc4, 0xdf, 0xff, 0xc1, 0x91, 0x43, 0x5f, 0xf5, 0x37, 0x7d, 0xa1, 0xae, 0xd6, 0xd4, 0xc4, 0x8b, 0x7a, 0xa7, 0x30, 0xf1, 0xd7, 0x3e, 0x9f, 0xa3, 0x17],
    ),
    (
        "RegisterIdentity",
        "contract/schemas/method.request.json#/methods/RegisterIdentity",
        [0xe4, 0x88, 0xb4, 0x96, 0x79, 0x23, 0xaa, 0x41, 0xd3, 0xee, 0xb9, 0x7f, 0x89, 0xf2, 0x2c, 0x2f, 0x01, 0x78, 0x80, 0xe7, 0x29, 0xd8, 0x0a, 0x09, 0x37, 0x9f, 0x73, 0x59, 0x33, 0x97, 0x10, 0x28],
    ),
    (
        "RegisterServer",
        "contract/schemas/method.request.json#/methods/RegisterServer",
        [0xbc, 0x25, 0x46, 0x4d, 0xca, 0xfd, 0xf3, 0xbf, 0x2c, 0x36, 0x05, 0x09, 0x91, 0xdb, 0xf4, 0x4d, 0x22, 0x49, 0xe1, 0xfc, 0xdf, 0x81, 0xad, 0xfc, 0x71, 0xef, 0x2b, 0x0c, 0x3c, 0xaf, 0xdc, 0x26],
    ),
    (
        "RegisterTrigger",
        "contract/schemas/method.request.json#/methods/RegisterTrigger",
        [0x4c, 0x19, 0xea, 0xc7, 0x03, 0x08, 0x88, 0x0c, 0x5a, 0x41, 0xa6, 0xb5, 0x8e, 0x99, 0x78, 0xdb, 0x76, 0x95, 0x2f, 0x17, 0xce, 0x41, 0xc4, 0x7e, 0x00, 0x80, 0xf5, 0x86, 0x4f, 0xac, 0xc0, 0x48],
    ),
    (
        "RegisterUdf",
        "contract/schemas/method.request.json#/methods/RegisterUdf",
        [0x71, 0xf4, 0x30, 0x88, 0x8a, 0xcc, 0xb5, 0x79, 0x7c, 0x15, 0x11, 0xe3, 0xa4, 0x14, 0x44, 0x7d, 0x23, 0x04, 0x36, 0x5f, 0x9b, 0xbf, 0xdc, 0xa6, 0xaa, 0x59, 0x10, 0x9b, 0x67, 0x25, 0xee, 0x90],
    ),
    (
        "Reinforce",
        "contract/schemas/method.request.json#/methods/Reinforce",
        [0x29, 0x4a, 0x42, 0x6a, 0x16, 0xdd, 0xc3, 0xb5, 0x47, 0x05, 0x1a, 0x81, 0x9e, 0x83, 0x59, 0x0a, 0x84, 0x86, 0x24, 0x52, 0x35, 0xaf, 0x41, 0xe6, 0xeb, 0x36, 0x1f, 0x62, 0x07, 0x49, 0xc5, 0x43],
    ),
    (
        "ReleaseCapacity",
        "contract/schemas/method.request.json#/methods/ReleaseCapacity",
        [0x95, 0xa5, 0xf8, 0x25, 0x19, 0xf1, 0xc8, 0xc7, 0x7b, 0xe1, 0xa9, 0xa8, 0x49, 0xc4, 0x89, 0x77, 0x01, 0x76, 0x2d, 0x65, 0xeb, 0xc2, 0xf3, 0x3c, 0xa7, 0xba, 0x67, 0xd5, 0x5b, 0x1e, 0x6e, 0x59],
    ),
    (
        "ReleaseWorkItemResources",
        "contract/schemas/method.request.json#/methods/ReleaseWorkItemResources",
        [0x2f, 0xc8, 0xca, 0xed, 0x62, 0x70, 0x54, 0xcd, 0x09, 0x81, 0xea, 0x91, 0x41, 0x1e, 0x57, 0x5f, 0xff, 0xb7, 0xf1, 0x43, 0x57, 0x51, 0xe3, 0x1f, 0x4f, 0xd8, 0x08, 0xbf, 0x17, 0x1b, 0x96, 0x43],
    ),
    (
        "RemoveEdge",
        "contract/schemas/method.request.json#/methods/RemoveEdge",
        [0xe5, 0x0c, 0xcf, 0xb0, 0xcd, 0xc1, 0xe7, 0xf8, 0xd9, 0x37, 0xda, 0xfa, 0xa5, 0xb3, 0x78, 0xcd, 0x2d, 0xcc, 0xcd, 0x06, 0x97, 0x2d, 0x8a, 0x05, 0x2b, 0x14, 0xa9, 0x9c, 0x10, 0xea, 0x11, 0x03],
    ),
    (
        "RemoveNode",
        "contract/schemas/method.request.json#/methods/RemoveNode",
        [0xa8, 0x6d, 0xfe, 0x9d, 0xa1, 0x9e, 0x8f, 0xd1, 0x99, 0xe9, 0x2a, 0x67, 0x5f, 0x7a, 0xac, 0x9e, 0x0d, 0x16, 0xf5, 0xdc, 0x07, 0xcf, 0x72, 0x61, 0x30, 0x1d, 0xa6, 0x0b, 0xef, 0x7c, 0xed, 0x5c],
    ),
    (
        "RemoveTriples",
        "contract/schemas/method.request.json#/methods/RemoveTriples",
        [0xd8, 0x42, 0x5d, 0x76, 0x57, 0xe3, 0x0a, 0x17, 0x59, 0xdf, 0x07, 0x7f, 0x1c, 0x4a, 0xc6, 0x30, 0x37, 0x51, 0x0e, 0xcf, 0x5a, 0x79, 0x80, 0xc8, 0x96, 0x70, 0xd8, 0x2c, 0xae, 0xcd, 0x0f, 0x79],
    ),
    (
        "RenewCapacity",
        "contract/schemas/method.request.json#/methods/RenewCapacity",
        [0x36, 0x42, 0x5e, 0xe1, 0x00, 0x95, 0x60, 0x4b, 0x98, 0xb6, 0x22, 0x3d, 0x2a, 0x1f, 0xb7, 0x08, 0xfc, 0xe0, 0x1f, 0x96, 0x0f, 0xd3, 0x9b, 0x08, 0xd4, 0xa7, 0x3b, 0x83, 0xcb, 0xd4, 0x96, 0xcb],
    ),
    (
        "RenewDevelopmentLane",
        "contract/schemas/method.request.json#/methods/RenewDevelopmentLane",
        [0x89, 0xdf, 0xd7, 0x2c, 0x97, 0xfc, 0xbb, 0x2c, 0xd5, 0x13, 0xe4, 0x7a, 0xa7, 0xbe, 0xf2, 0xb5, 0x88, 0x9e, 0x97, 0x0e, 0x35, 0xac, 0x5e, 0xd1, 0xc7, 0x56, 0xbc, 0x2c, 0xee, 0x51, 0x7d, 0xc5],
    ),
    (
        "RenewWorkItemLease",
        "contract/schemas/method.request.json#/methods/RenewWorkItemLease",
        [0x92, 0x1a, 0x5b, 0x38, 0xac, 0x0f, 0xbe, 0xa5, 0xf6, 0xb1, 0xf3, 0xdf, 0xa3, 0x56, 0xb2, 0xe3, 0x8f, 0x64, 0x3e, 0xfe, 0x2a, 0x20, 0x3a, 0x48, 0xbf, 0x5f, 0x76, 0x61, 0xfe, 0xb0, 0x50, 0xdb],
    ),
    (
        "Reparent",
        "contract/schemas/method.request.json#/methods/Reparent",
        [0x25, 0x22, 0x50, 0x32, 0x05, 0x7a, 0x19, 0x1f, 0xb5, 0xc7, 0x05, 0xc7, 0x89, 0x18, 0x74, 0x4c, 0xc6, 0x53, 0x0a, 0xd6, 0xe1, 0xce, 0x7b, 0x53, 0x74, 0xe8, 0xfe, 0x5d, 0xd5, 0xa4, 0x75, 0xc6],
    ),
    (
        "ReserveDevelopmentLane",
        "contract/schemas/method.request.json#/methods/ReserveDevelopmentLane",
        [0x70, 0x60, 0x14, 0x58, 0x5b, 0xf6, 0x35, 0xaa, 0xd8, 0x41, 0x49, 0x60, 0xee, 0xdd, 0x79, 0x10, 0xd5, 0xac, 0x4a, 0xaa, 0xa0, 0x7f, 0x89, 0x65, 0x7b, 0x54, 0xa5, 0xd2, 0xef, 0xfe, 0x0e, 0x64],
    ),
    (
        "ReserveWorkItemResources",
        "contract/schemas/method.request.json#/methods/ReserveWorkItemResources",
        [0xd1, 0x10, 0x40, 0x8b, 0x87, 0xa3, 0xec, 0xaa, 0x0a, 0xd4, 0xed, 0x64, 0x2e, 0x9e, 0x1c, 0x78, 0x14, 0xae, 0xd7, 0x84, 0x9a, 0x5e, 0xc9, 0x7e, 0xbb, 0x8f, 0xb0, 0x55, 0x71, 0x57, 0x6f, 0xd6],
    ),
    (
        "Reshard",
        "contract/schemas/method.request.json#/methods/Reshard",
        [0x8a, 0x5f, 0x67, 0xb7, 0x41, 0x6c, 0x15, 0xa5, 0xf9, 0x24, 0x34, 0x09, 0xaf, 0xe9, 0xe1, 0x01, 0x9c, 0xb0, 0x33, 0x36, 0x1a, 0xd2, 0x6b, 0x6a, 0x9c, 0xf0, 0x7a, 0xa2, 0x5c, 0xf7, 0x90, 0xd8],
    ),
    (
        "ResolveCandidates",
        "contract/schemas/method.request.json#/methods/ResolveCandidates",
        [0x9d, 0x45, 0x1f, 0xa9, 0x6b, 0x49, 0xa1, 0x7b, 0x14, 0x67, 0xed, 0xdb, 0xab, 0xa3, 0xf7, 0x1c, 0xe9, 0xd5, 0x4e, 0x7b, 0xeb, 0x6c, 0xca, 0x96, 0x19, 0xd7, 0xc5, 0x3a, 0x48, 0x7a, 0xdf, 0x73],
    ),
    (
        "ResolveConflict",
        "contract/schemas/method.request.json#/methods/ResolveConflict",
        [0x18, 0xc2, 0x1f, 0xfb, 0x1a, 0x05, 0x86, 0x95, 0x29, 0xf6, 0xba, 0x8f, 0x83, 0xbd, 0xdc, 0x27, 0x25, 0xd9, 0xf0, 0x30, 0x61, 0x7b, 0xe8, 0x2f, 0x01, 0x05, 0xa5, 0xb0, 0xd8, 0x2f, 0xf2, 0x49],
    ),
    (
        "ResourceReservationStatus",
        "contract/schemas/method.request.json#/methods/ResourceReservationStatus",
        [0x01, 0x9f, 0xb7, 0xa3, 0x69, 0xaf, 0xe2, 0xfb, 0xd8, 0xfc, 0x79, 0x5b, 0x16, 0x70, 0xed, 0xcb, 0xfd, 0xde, 0x96, 0x04, 0x84, 0x46, 0x0e, 0x55, 0x44, 0xe4, 0x09, 0x14, 0xb6, 0xb2, 0x62, 0x6d],
    ),
    (
        "ResourceStatsPage",
        "contract/schemas/method.request.json#/methods/ResourceStatsPage",
        [0xd6, 0x2f, 0xba, 0xcc, 0xf9, 0x45, 0x51, 0x17, 0x11, 0xc8, 0xdd, 0xfb, 0xea, 0x8e, 0xca, 0x05, 0x99, 0xef, 0xc7, 0xdf, 0x31, 0x60, 0x85, 0xb7, 0x87, 0x86, 0xb8, 0x72, 0xfd, 0xff, 0x6e, 0x41],
    ),
    (
        "Restore",
        "contract/schemas/method.request.json#/methods/Restore",
        [0x2a, 0xc2, 0x10, 0xce, 0xad, 0x58, 0x31, 0x01, 0xa0, 0x07, 0x62, 0x18, 0x1d, 0x70, 0xd4, 0x9e, 0x87, 0x64, 0x6c, 0x93, 0xf4, 0x5a, 0x97, 0x4c, 0xfd, 0x94, 0x0e, 0x1b, 0x86, 0xdc, 0xde, 0x28],
    ),
    (
        "Rollback",
        "contract/schemas/method.request.json#/methods/Rollback",
        [0xdc, 0xbb, 0x55, 0x34, 0x74, 0x3a, 0x3b, 0x30, 0x76, 0xa1, 0xd2, 0xeb, 0x70, 0x14, 0x04, 0x1c, 0x4b, 0x17, 0xb8, 0xb8, 0x7f, 0x4c, 0x07, 0x6b, 0x05, 0x29, 0xf6, 0xc5, 0xbf, 0x49, 0x46, 0xd8],
    ),
    (
        "RunDatalogReasoning",
        "contract/schemas/method.request.json#/methods/RunDatalogReasoning",
        [0xb4, 0x90, 0x36, 0x32, 0x00, 0x3a, 0xab, 0xd1, 0xec, 0x07, 0x40, 0xa7, 0xfb, 0x6a, 0xd1, 0xb3, 0xa3, 0x52, 0x89, 0x26, 0xa6, 0x1b, 0x7b, 0x8e, 0x1e, 0x4d, 0xc9, 0x52, 0xc2, 0xec, 0xbb, 0x66],
    ),
    (
        "RunRules",
        "contract/schemas/method.request.json#/methods/RunRules",
        [0x3f, 0x5c, 0x3f, 0x97, 0x06, 0x4c, 0x6b, 0x44, 0xc4, 0xfb, 0x58, 0xb8, 0x2e, 0xc0, 0xdf, 0x61, 0x84, 0x34, 0x54, 0xce, 0xaf, 0xb3, 0x71, 0xb5, 0x9d, 0x2a, 0x9a, 0xd9, 0x18, 0x0f, 0x4b, 0x27],
    ),
    (
        "RunUdf",
        "contract/schemas/method.request.json#/methods/RunUdf",
        [0x2f, 0xc9, 0xd1, 0xbe, 0x41, 0xda, 0x83, 0x97, 0x55, 0x49, 0x68, 0x19, 0x60, 0x9c, 0x95, 0x9c, 0x40, 0x63, 0x00, 0x6a, 0x73, 0x7f, 0x77, 0xb8, 0x11, 0x47, 0x9b, 0xab, 0x68, 0x13, 0xc1, 0x46],
    ),
    (
        "SceneChildren",
        "contract/schemas/method.request.json#/methods/SceneChildren",
        [0x84, 0x62, 0x74, 0x0b, 0x9a, 0x63, 0x1b, 0xba, 0xf4, 0x02, 0x0f, 0x72, 0x5b, 0xbf, 0x35, 0xd1, 0x75, 0xcd, 0x48, 0x1d, 0x59, 0x6f, 0x4d, 0x77, 0x6f, 0x0f, 0xd4, 0xf7, 0x2b, 0x98, 0x87, 0x79],
    ),
    (
        "SemanticIndex",
        "contract/schemas/method.request.json#/methods/SemanticIndex",
        [0x99, 0x10, 0x2c, 0x6d, 0x0b, 0xff, 0x58, 0xfc, 0x56, 0xe8, 0xad, 0x39, 0x51, 0x24, 0x20, 0x75, 0x66, 0xf0, 0xa6, 0xae, 0x2d, 0x78, 0x41, 0x2b, 0x65, 0x62, 0xe3, 0xca, 0x10, 0xdf, 0x0c, 0x04],
    ),
    (
        "SemanticSearch",
        "contract/schemas/method.request.json#/methods/SemanticSearch",
        [0x33, 0x6f, 0x95, 0x6a, 0xd8, 0xc4, 0x13, 0x74, 0xf6, 0xa1, 0x0e, 0x5d, 0x35, 0xa5, 0xe2, 0x5b, 0x3d, 0x35, 0xb8, 0x4f, 0x9d, 0xc7, 0xdf, 0xeb, 0xaf, 0x29, 0xa1, 0x68, 0x60, 0x2d, 0xca, 0x5c],
    ),
    (
        "SendMessage",
        "contract/schemas/method.request.json#/methods/SendMessage",
        [0xa7, 0xdf, 0x5d, 0x89, 0xf4, 0x2e, 0xf3, 0x2b, 0x5a, 0xc3, 0x98, 0xb9, 0x73, 0xd4, 0x5b, 0x19, 0x60, 0x69, 0xb2, 0xeb, 0x75, 0x7f, 0x6f, 0xf2, 0x6a, 0x4d, 0x7b, 0x9d, 0xd7, 0x32, 0x86, 0x06],
    ),
    (
        "ServedModality",
        "contract/schemas/method.request.json#/methods/ServedModality",
        [0x2d, 0x37, 0x9d, 0x51, 0xb4, 0xe6, 0x89, 0x05, 0xd7, 0xe4, 0x69, 0x9f, 0xb1, 0xaf, 0x5a, 0x9c, 0x59, 0x69, 0x5a, 0x46, 0xc1, 0x94, 0x1e, 0xb3, 0xfd, 0x0a, 0xfa, 0x8c, 0x6a, 0xae, 0x05, 0xf4],
    ),
    (
        "SetPose",
        "contract/schemas/method.request.json#/methods/SetPose",
        [0x04, 0x62, 0xd3, 0x19, 0xab, 0x48, 0x10, 0x3d, 0x9e, 0xae, 0x8a, 0xe5, 0xf9, 0x7e, 0x7e, 0xf4, 0x83, 0x71, 0x14, 0x91, 0x79, 0x5c, 0x18, 0x3f, 0xf1, 0x59, 0xea, 0x5a, 0xeb, 0x28, 0x31, 0x4f],
    ),
    (
        "ShaclValidate",
        "contract/schemas/method.request.json#/methods/ShaclValidate",
        [0x4f, 0x74, 0xd8, 0x8f, 0x92, 0xf7, 0x13, 0x74, 0x4d, 0x03, 0x1e, 0x68, 0x98, 0xba, 0x4a, 0xe2, 0x7a, 0xcc, 0x8b, 0xd0, 0x8e, 0x89, 0xc6, 0xc2, 0x97, 0xe4, 0xaf, 0x99, 0xdc, 0x41, 0x63, 0xbb],
    ),
    (
        "ShexValidate",
        "contract/schemas/method.request.json#/methods/ShexValidate",
        [0x65, 0xb8, 0x34, 0xd1, 0x44, 0xc7, 0x1d, 0x00, 0xa2, 0xd3, 0xd8, 0x34, 0x31, 0x69, 0x99, 0xc2, 0x71, 0xfa, 0x76, 0x6f, 0x0d, 0x58, 0x6d, 0xe7, 0xd9, 0x57, 0x6b, 0x58, 0xd1, 0xb8, 0x16, 0x96],
    ),
    (
        "Shutdown",
        "contract/schemas/method.request.json#/methods/Shutdown",
        [0xa4, 0xc7, 0x41, 0x08, 0xbe, 0x02, 0x40, 0x7e, 0x4b, 0x57, 0xbb, 0x13, 0x2c, 0x73, 0x63, 0x65, 0x63, 0xcd, 0x01, 0x41, 0x07, 0x73, 0x17, 0xe6, 0x8a, 0x75, 0x97, 0x90, 0x4a, 0x94, 0x5b, 0xc7],
    ),
    (
        "Solve",
        "contract/schemas/method.request.json#/methods/Solve",
        [0xe4, 0x5a, 0x8a, 0x16, 0x20, 0x48, 0x67, 0xb1, 0xf9, 0x00, 0xc2, 0xf4, 0x9e, 0x1c, 0x0a, 0xdd, 0x34, 0x61, 0x31, 0x5e, 0xff, 0x5b, 0xfd, 0xed, 0x52, 0x63, 0x18, 0x01, 0xf8, 0x39, 0xfb, 0xed],
    ),
    (
        "SourceIngest",
        "contract/schemas/method.request.json#/methods/SourceIngest",
        [0x66, 0x70, 0x9d, 0x2c, 0x1d, 0x73, 0xea, 0xfd, 0xca, 0xd6, 0xc5, 0x79, 0xcc, 0x7e, 0x4e, 0x87, 0xc7, 0xdd, 0xdc, 0xc3, 0x64, 0xac, 0xb6, 0x90, 0xfc, 0x46, 0xf0, 0x93, 0xe9, 0xe2, 0x52, 0xf2],
    ),
    (
        "SourceIngestStatus",
        "contract/schemas/method.request.json#/methods/SourceIngestStatus",
        [0xfa, 0xa2, 0xe8, 0xaa, 0xf5, 0xbd, 0x57, 0xb2, 0x75, 0xb6, 0xab, 0xa3, 0x01, 0xfa, 0xf5, 0xfb, 0x0d, 0x29, 0xe7, 0xf1, 0xe8, 0x96, 0xc3, 0x85, 0xe4, 0xb0, 0x80, 0xe7, 0x7a, 0xed, 0xef, 0xe0],
    ),
    (
        "Sparql",
        "contract/schemas/method.request.json#/methods/Sparql",
        [0x85, 0x4b, 0xb3, 0x35, 0xe8, 0x15, 0x30, 0x62, 0xe3, 0xce, 0x0b, 0x2c, 0xf3, 0x9d, 0xe2, 0xa3, 0x01, 0x71, 0x1a, 0x8b, 0x3a, 0x71, 0x2c, 0x25, 0xb5, 0x5c, 0xc7, 0x3d, 0x51, 0x30, 0xc6, 0xdf],
    ),
    (
        "SparqlVirtual",
        "contract/schemas/method.request.json#/methods/SparqlVirtual",
        [0xe4, 0xf9, 0x21, 0xc9, 0x48, 0x77, 0xca, 0xfe, 0xc4, 0x81, 0xff, 0xe4, 0xc5, 0x72, 0x56, 0x70, 0x72, 0x2c, 0x8a, 0x48, 0x60, 0x34, 0x1d, 0x7c, 0xe7, 0x07, 0xc1, 0x5e, 0xf2, 0x83, 0x71, 0xaf],
    ),
    (
        "Sql",
        "contract/schemas/method.request.json#/methods/Sql",
        [0x78, 0x79, 0x32, 0x0f, 0xd7, 0x39, 0x24, 0x21, 0x1f, 0xbf, 0x43, 0xd8, 0xfd, 0x46, 0x18, 0x3f, 0x9c, 0xee, 0x6e, 0xf1, 0x15, 0x6b, 0x3d, 0x0d, 0x0d, 0xbf, 0x02, 0xcf, 0x81, 0x47, 0x7a, 0x2b],
    ),
    (
        "SqlSourceBatch",
        "contract/schemas/method.request.json#/methods/SqlSourceBatch",
        [0xd9, 0xe6, 0xc5, 0xa9, 0xec, 0xa2, 0xed, 0x5b, 0xe2, 0x11, 0x91, 0xe1, 0xac, 0x5e, 0x27, 0xed, 0xfb, 0x1e, 0x4f, 0xcf, 0x61, 0x1b, 0x8a, 0xd7, 0x1e, 0xdc, 0xb0, 0x2d, 0x22, 0xa9, 0x93, 0x52],
    ),
    (
        "StaleMaterializations",
        "contract/schemas/method.request.json#/methods/StaleMaterializations",
        [0x6f, 0xfc, 0x2a, 0x0b, 0xf5, 0x81, 0x0f, 0x96, 0xa5, 0xeb, 0xdf, 0x95, 0x32, 0xc2, 0xda, 0xbd, 0xc1, 0x88, 0xba, 0x35, 0xc3, 0x78, 0xa6, 0xa7, 0x1b, 0x7e, 0x5b, 0xda, 0x7e, 0x9f, 0x79, 0x35],
    ),
    (
        "StartTrajectory",
        "contract/schemas/method.request.json#/methods/StartTrajectory",
        [0x61, 0xc4, 0x11, 0x36, 0x06, 0x26, 0xfc, 0x72, 0xce, 0xfb, 0xdd, 0xc9, 0x30, 0x76, 0xe6, 0x9f, 0x72, 0x7c, 0xfd, 0xaa, 0x03, 0xe6, 0xe3, 0xa0, 0x9d, 0xb0, 0xc9, 0x7b, 0x32, 0xeb, 0xfe, 0x0e],
    ),
    (
        "Statechart",
        "contract/schemas/method.request.json#/methods/Statechart",
        [0xce, 0x44, 0x12, 0xbf, 0x87, 0xb8, 0x38, 0x27, 0xaa, 0xf4, 0x74, 0xd6, 0xe7, 0xba, 0x9f, 0x73, 0xff, 0x9d, 0x47, 0x12, 0xc0, 0xce, 0xee, 0xa0, 0xc6, 0x34, 0x11, 0x77, 0xfa, 0x4a, 0xd0, 0x7c],
    ),
    (
        "StreamCommitOffset",
        "contract/schemas/method.request.json#/methods/StreamCommitOffset",
        [0x9e, 0x4e, 0x87, 0xd5, 0x41, 0xbe, 0xa7, 0x00, 0xda, 0x8b, 0x38, 0x34, 0x4f, 0x8c, 0x5b, 0xb9, 0xcd, 0x4e, 0x07, 0x22, 0xf2, 0xc6, 0xfd, 0xba, 0xd8, 0xb8, 0xde, 0x12, 0xa7, 0xee, 0x24, 0x13],
    ),
    (
        "StreamCommittedOffset",
        "contract/schemas/method.request.json#/methods/StreamCommittedOffset",
        [0xad, 0x57, 0xfa, 0x9e, 0xd6, 0xf3, 0x12, 0x5c, 0x5f, 0xd2, 0x99, 0x4c, 0x20, 0xe5, 0x66, 0x60, 0x8b, 0x9d, 0x07, 0x39, 0x78, 0x1a, 0xb4, 0xea, 0x6c, 0x16, 0x0c, 0xb3, 0x07, 0xee, 0x99, 0xed],
    ),
    (
        "StreamDeclare",
        "contract/schemas/method.request.json#/methods/StreamDeclare",
        [0xcd, 0xa4, 0x5a, 0xf4, 0x0e, 0x22, 0xb0, 0x36, 0x1f, 0xbb, 0x88, 0x2f, 0xe5, 0xfc, 0x4a, 0x70, 0x7e, 0xf6, 0x17, 0x2d, 0xe3, 0xb9, 0xe1, 0xe7, 0xc8, 0x26, 0xe8, 0x9c, 0xa8, 0xb4, 0xf3, 0x40],
    ),
    (
        "StreamPublish",
        "contract/schemas/method.request.json#/methods/StreamPublish",
        [0xfe, 0xf0, 0x01, 0x7c, 0x28, 0xa1, 0x7d, 0x44, 0xed, 0x2f, 0xeb, 0x60, 0x90, 0xd3, 0x0f, 0x88, 0xf2, 0x52, 0x09, 0x7e, 0xd7, 0xcf, 0xa6, 0xb3, 0x22, 0xa4, 0x04, 0xe5, 0xa4, 0xac, 0x3c, 0xfc],
    ),
    (
        "StreamRead",
        "contract/schemas/method.request.json#/methods/StreamRead",
        [0x9c, 0xcc, 0x4d, 0x2b, 0x1f, 0x9d, 0x94, 0xa0, 0x47, 0x76, 0xa3, 0x6d, 0x22, 0xb3, 0x46, 0xdc, 0x60, 0x9a, 0xf3, 0xd7, 0x2a, 0xa6, 0x0d, 0x7c, 0x84, 0xcf, 0xf0, 0xd7, 0xfc, 0x2e, 0xfb, 0x97],
    ),
    (
        "StreamTrim",
        "contract/schemas/method.request.json#/methods/StreamTrim",
        [0x36, 0xf8, 0x58, 0x55, 0x4e, 0x83, 0xd9, 0xec, 0xfe, 0x58, 0x91, 0xd5, 0x05, 0xe0, 0xf6, 0x3e, 0x84, 0xba, 0x08, 0x37, 0x81, 0xcb, 0x8f, 0x34, 0x6e, 0x47, 0xea, 0x8f, 0x7e, 0x37, 0x71, 0x5f],
    ),
    (
        "StronglyConnectedComponents",
        "contract/schemas/method.request.json#/methods/StronglyConnectedComponents",
        [0x84, 0xce, 0x54, 0x18, 0xe2, 0x4e, 0x9d, 0xa4, 0x56, 0x10, 0x07, 0x79, 0x77, 0x59, 0xd4, 0x04, 0xd8, 0x0d, 0xe0, 0xde, 0x7e, 0x8d, 0xdb, 0x9c, 0x53, 0xed, 0x4e, 0x7c, 0xcf, 0x59, 0xa3, 0xde],
    ),
    (
        "SubmitWorkItem",
        "contract/schemas/method.request.json#/methods/SubmitWorkItem",
        [0x11, 0x91, 0xa2, 0x47, 0x85, 0xd0, 0x30, 0xeb, 0x3b, 0x85, 0xcf, 0x20, 0xb6, 0x47, 0xf3, 0xd9, 0xa8, 0x48, 0x9b, 0xd1, 0x51, 0x08, 0x02, 0xde, 0xbc, 0xf2, 0xc2, 0x0e, 0x7c, 0x9b, 0xd5, 0x14],
    ),
    (
        "SubmitWorkItems",
        "contract/schemas/method.request.json#/methods/SubmitWorkItems",
        [0x88, 0xf2, 0xf1, 0xd2, 0x3a, 0x8d, 0xa5, 0xe6, 0x12, 0x92, 0xfa, 0x1b, 0x11, 0xfc, 0x74, 0x5b, 0x85, 0x69, 0xd3, 0x1e, 0xd1, 0x66, 0x49, 0xdc, 0xcd, 0xd9, 0xfc, 0x62, 0x2e, 0x35, 0x5c, 0x0f],
    ),
    (
        "SummariesAtLevel",
        "contract/schemas/method.request.json#/methods/SummariesAtLevel",
        [0x35, 0xb8, 0xc6, 0xf9, 0xea, 0x46, 0x51, 0x49, 0x9e, 0x69, 0xd0, 0xb4, 0x08, 0xde, 0x33, 0x62, 0xce, 0xd8, 0xe8, 0xea, 0x79, 0x86, 0x01, 0x0e, 0x3a, 0x58, 0x74, 0x35, 0x6d, 0x54, 0x86, 0xca],
    ),
    (
        "SummaryChildren",
        "contract/schemas/method.request.json#/methods/SummaryChildren",
        [0x74, 0x6d, 0xe5, 0x63, 0xcb, 0x88, 0x5d, 0xec, 0x91, 0x14, 0xe8, 0x72, 0xe8, 0x7e, 0xda, 0x34, 0x75, 0xbd, 0x9a, 0xe3, 0x1d, 0xeb, 0xed, 0x43, 0xfb, 0x13, 0x68, 0x60, 0x12, 0x73, 0xe9, 0xc3],
    ),
    (
        "SupersedeEdge",
        "contract/schemas/method.request.json#/methods/SupersedeEdge",
        [0x9d, 0x16, 0xb1, 0xe3, 0x54, 0x70, 0x80, 0xac, 0xc9, 0xc1, 0x2f, 0x48, 0x8a, 0xc3, 0xfd, 0x10, 0x30, 0xda, 0x1f, 0xf3, 0x64, 0x43, 0xd0, 0x00, 0x92, 0x5e, 0x55, 0x02, 0x76, 0x3b, 0x9b, 0x79],
    ),
    (
        "SweepExpired",
        "contract/schemas/method.request.json#/methods/SweepExpired",
        [0x7b, 0x5d, 0x00, 0x2a, 0x05, 0xe9, 0xea, 0x28, 0xfa, 0x77, 0x5c, 0x8a, 0x48, 0x84, 0x88, 0x33, 0xc0, 0x05, 0x52, 0x5f, 0x3b, 0xdb, 0x23, 0x29, 0x54, 0x1d, 0xd8, 0xca, 0x52, 0x7e, 0x25, 0xef],
    ),
    (
        "ToMsgpack",
        "contract/schemas/method.request.json#/methods/ToMsgpack",
        [0x6a, 0x49, 0x96, 0x9b, 0x6a, 0xb0, 0xdb, 0xdf, 0x74, 0x6f, 0x9c, 0x86, 0xff, 0x32, 0xa5, 0xf5, 0x07, 0xe7, 0xa6, 0x83, 0xf2, 0x3d, 0x2a, 0xab, 0xed, 0x43, 0x22, 0x30, 0x57, 0x77, 0x7c, 0x08],
    ),
    (
        "TopologicalSort",
        "contract/schemas/method.request.json#/methods/TopologicalSort",
        [0xdc, 0x7a, 0xae, 0xf9, 0xe5, 0x3e, 0xe2, 0x2b, 0xa4, 0xfe, 0x2e, 0x39, 0xc9, 0x28, 0x6f, 0x3c, 0x28, 0xbf, 0x61, 0xcd, 0xc7, 0x07, 0x80, 0x69, 0xbe, 0x2b, 0xb8, 0x09, 0x2c, 0x19, 0x6a, 0x24],
    ),
    (
        "TouchNodes",
        "contract/schemas/method.request.json#/methods/TouchNodes",
        [0x7b, 0x0b, 0x42, 0xed, 0xd5, 0x53, 0x2f, 0x7f, 0xfa, 0x31, 0x71, 0xa0, 0x62, 0x59, 0x3f, 0xe1, 0xbd, 0x0e, 0xb0, 0xf5, 0xbd, 0x1e, 0x9e, 0xec, 0x7a, 0xe0, 0x90, 0x22, 0x6e, 0xe1, 0x2f, 0x9d],
    ),
    (
        "TransitionControlLease",
        "contract/schemas/method.request.json#/methods/TransitionControlLease",
        [0xa9, 0x5d, 0xfb, 0x03, 0xf7, 0x93, 0xbc, 0x9a, 0x15, 0xf3, 0x0e, 0x9d, 0x2f, 0x37, 0x08, 0xee, 0x42, 0x31, 0x5c, 0x49, 0x8c, 0x5c, 0xd7, 0x4f, 0x6d, 0xd0, 0xea, 0x2c, 0x63, 0xea, 0x20, 0xa9],
    ),
    (
        "TsAppend",
        "contract/schemas/method.request.json#/methods/TsAppend",
        [0x20, 0xe5, 0x18, 0x44, 0x00, 0x5d, 0xa5, 0xcd, 0x2c, 0xd8, 0xb6, 0x18, 0xf8, 0xdd, 0x5a, 0x41, 0xe6, 0xa4, 0xad, 0xc9, 0x6e, 0xae, 0x12, 0x52, 0xc4, 0x37, 0xe2, 0x3f, 0xe9, 0x90, 0x5e, 0x0a],
    ),
    (
        "TsAsofJoin",
        "contract/schemas/method.request.json#/methods/TsAsofJoin",
        [0xc0, 0x66, 0x5b, 0x35, 0x4c, 0x81, 0x91, 0xcc, 0xef, 0x5c, 0x81, 0xb8, 0x79, 0xc0, 0x58, 0x62, 0x87, 0x97, 0x8c, 0xd3, 0xfb, 0x95, 0x2e, 0x02, 0x2d, 0x3b, 0x28, 0x45, 0x18, 0x74, 0x97, 0x1a],
    ),
    (
        "TsDeleteSeries",
        "contract/schemas/method.request.json#/methods/TsDeleteSeries",
        [0x36, 0x49, 0x1c, 0x1a, 0xa9, 0xab, 0x04, 0x18, 0x4a, 0x1f, 0x8e, 0xaf, 0x3b, 0xbd, 0xc7, 0xb7, 0x6c, 0xa1, 0x78, 0xee, 0xa7, 0xaf, 0x9e, 0x0f, 0xab, 0xa4, 0x0b, 0x23, 0x72, 0x6c, 0xab, 0xa0],
    ),
    (
        "TsEvict",
        "contract/schemas/method.request.json#/methods/TsEvict",
        [0x67, 0x72, 0x34, 0xff, 0x5a, 0xdd, 0xae, 0x21, 0xf8, 0x42, 0x3c, 0x2d, 0xf8, 0x6b, 0x97, 0x37, 0x2e, 0x8c, 0xb9, 0x30, 0x6e, 0x71, 0xaa, 0xf0, 0x78, 0x9e, 0xa3, 0x5d, 0xaa, 0x4a, 0xc2, 0x97],
    ),
    (
        "TsGapFill",
        "contract/schemas/method.request.json#/methods/TsGapFill",
        [0x4f, 0x31, 0x11, 0x45, 0x6a, 0x9e, 0x7d, 0x5b, 0xae, 0x18, 0x74, 0xf2, 0xa8, 0x8f, 0xc1, 0xd8, 0x3a, 0x80, 0x8f, 0x74, 0xa9, 0x80, 0x07, 0xc3, 0x98, 0xb7, 0x2f, 0x38, 0xbd, 0x3b, 0x31, 0x1d],
    ),
    (
        "TsListSeries",
        "contract/schemas/method.request.json#/methods/TsListSeries",
        [0x85, 0x6c, 0xa9, 0x39, 0x6a, 0x8a, 0x8d, 0x13, 0xb0, 0x38, 0xa4, 0x98, 0xf6, 0x05, 0x90, 0x6d, 0x8b, 0x87, 0x7b, 0xbb, 0x08, 0x5d, 0x2e, 0x2d, 0x04, 0xf6, 0x39, 0xac, 0xcb, 0xb2, 0xce, 0x33],
    ),
    (
        "TsRange",
        "contract/schemas/method.request.json#/methods/TsRange",
        [0xb1, 0xef, 0xad, 0xcc, 0x68, 0x70, 0x2c, 0x50, 0x17, 0x22, 0x6e, 0x2c, 0x8f, 0x22, 0xf1, 0xf2, 0x30, 0x13, 0x51, 0xf5, 0x4d, 0xb7, 0x81, 0x48, 0x07, 0x3e, 0xdf, 0xa6, 0x5c, 0x13, 0x78, 0x11],
    ),
    (
        "TsWindow",
        "contract/schemas/method.request.json#/methods/TsWindow",
        [0x66, 0x0c, 0xd3, 0xa4, 0x1f, 0x83, 0x41, 0xf3, 0x1f, 0x07, 0xda, 0x20, 0xd1, 0x94, 0xef, 0xf8, 0x27, 0xf9, 0x56, 0x6b, 0xc7, 0xa0, 0xac, 0xea, 0x31, 0x69, 0xf4, 0x42, 0xa2, 0x09, 0x57, 0xe8],
    ),
    (
        "TxnAddEdge",
        "contract/schemas/method.request.json#/methods/TxnAddEdge",
        [0xee, 0x52, 0x72, 0xb2, 0xf3, 0xdb, 0xb0, 0x63, 0xf0, 0x18, 0x9c, 0xa6, 0x00, 0x03, 0xf5, 0x1b, 0xe7, 0xdc, 0xab, 0x4e, 0x5d, 0xb2, 0x32, 0x58, 0x98, 0x63, 0xa5, 0xc6, 0xc8, 0x04, 0x31, 0xb2],
    ),
    (
        "TxnAddEmbedding",
        "contract/schemas/method.request.json#/methods/TxnAddEmbedding",
        [0x61, 0x81, 0x4b, 0xce, 0x51, 0x44, 0x35, 0x9d, 0x50, 0x76, 0xed, 0x4c, 0xdc, 0x34, 0xa6, 0xc2, 0x09, 0x2d, 0x89, 0x00, 0x8e, 0x28, 0xe9, 0x06, 0xae, 0x72, 0x33, 0xd5, 0x23, 0xe5, 0x3d, 0xfb],
    ),
    (
        "TxnAddMeasurement",
        "contract/schemas/method.request.json#/methods/TxnAddMeasurement",
        [0x3f, 0xeb, 0x5a, 0xc9, 0xa6, 0xc9, 0xfc, 0xa5, 0x41, 0x20, 0xcf, 0xf8, 0x32, 0x52, 0x57, 0x5b, 0xad, 0x3a, 0x69, 0x48, 0xa7, 0x46, 0x5c, 0xec, 0x06, 0xa4, 0x48, 0x79, 0x95, 0xc3, 0x94, 0x8b],
    ),
    (
        "TxnAddNode",
        "contract/schemas/method.request.json#/methods/TxnAddNode",
        [0x0b, 0x29, 0x6f, 0xe2, 0xdc, 0x49, 0x4a, 0xc3, 0x25, 0xcf, 0x7c, 0x6b, 0xcf, 0xda, 0x3a, 0x39, 0x88, 0xf7, 0xf3, 0x8e, 0xb6, 0x72, 0x36, 0x21, 0xfd, 0xb4, 0x5a, 0x91, 0xb0, 0x04, 0x5d, 0x9e],
    ),
    (
        "TxnAxiom",
        "contract/schemas/method.request.json#/methods/TxnAxiom",
        [0x0c, 0x94, 0xf6, 0xdf, 0xf4, 0x6f, 0xc2, 0x40, 0x1c, 0x61, 0x35, 0x00, 0xeb, 0x2b, 0x42, 0x03, 0x8c, 0xbb, 0xa2, 0xad, 0x21, 0x7d, 0xd6, 0x2e, 0xdf, 0x60, 0x09, 0x3e, 0x2a, 0xb0, 0x26, 0x5e],
    ),
    (
        "TxnBlobRef",
        "contract/schemas/method.request.json#/methods/TxnBlobRef",
        [0x17, 0x5d, 0xe6, 0x3e, 0x1d, 0x0c, 0x57, 0x4d, 0x93, 0xfb, 0x89, 0x51, 0xd5, 0x1c, 0xf7, 0x96, 0x2e, 0x96, 0xd5, 0x4c, 0xe4, 0x14, 0xf2, 0x93, 0x06, 0x86, 0xdd, 0x53, 0x6c, 0xec, 0x33, 0x6d],
    ),
    (
        "TxnCas",
        "contract/schemas/method.request.json#/methods/TxnCas",
        [0x42, 0x5c, 0x07, 0xda, 0xd3, 0x02, 0x5b, 0xdf, 0x7a, 0x3e, 0x99, 0xc3, 0xab, 0xbf, 0x26, 0x80, 0xfe, 0xc8, 0xea, 0x0b, 0x31, 0x25, 0x05, 0x97, 0x64, 0x6b, 0xb2, 0xdd, 0xc0, 0x1f, 0x08, 0xda],
    ),
    (
        "TxnConstruct",
        "contract/schemas/method.request.json#/methods/TxnConstruct",
        [0x3d, 0xdc, 0x02, 0xfe, 0xda, 0x35, 0xad, 0x1d, 0xcf, 0xaa, 0xf3, 0x32, 0x7d, 0xf4, 0x40, 0x31, 0xc9, 0x8e, 0xa4, 0xf3, 0xef, 0x87, 0xb8, 0xd9, 0x06, 0x36, 0xdc, 0x00, 0x35, 0xc2, 0xe5, 0x0a],
    ),
    (
        "TxnMaterializeBelief",
        "contract/schemas/method.request.json#/methods/TxnMaterializeBelief",
        [0x15, 0xf0, 0x7c, 0x43, 0xaa, 0xb1, 0xb4, 0xe4, 0x1c, 0xeb, 0x1c, 0xd1, 0xc8, 0x13, 0x71, 0x90, 0xd7, 0x6f, 0x17, 0xc2, 0x98, 0x06, 0xfc, 0xf7, 0x54, 0x85, 0xe4, 0xd3, 0x71, 0x8d, 0xff, 0x58],
    ),
    (
        "TxnPlanWriteback",
        "contract/schemas/method.request.json#/methods/TxnPlanWriteback",
        [0x4b, 0xa6, 0xcd, 0x14, 0x59, 0x58, 0x08, 0x86, 0xd4, 0xf1, 0x50, 0x03, 0x04, 0x43, 0xee, 0x54, 0xd4, 0x98, 0x67, 0xfd, 0x12, 0x8b, 0x55, 0xbb, 0x92, 0x94, 0xba, 0xf8, 0xba, 0x4e, 0x61, 0xbf],
    ),
    (
        "TxnRemoveEdge",
        "contract/schemas/method.request.json#/methods/TxnRemoveEdge",
        [0xb0, 0xc4, 0x0c, 0x66, 0x5f, 0x72, 0x3c, 0x6e, 0x5b, 0x5b, 0xbb, 0x37, 0xbc, 0x5d, 0x53, 0xc2, 0x92, 0x8e, 0x01, 0x20, 0x95, 0xc3, 0xa8, 0x53, 0x4d, 0xfc, 0x30, 0x8e, 0x21, 0x09, 0x1e, 0xb6],
    ),
    (
        "TxnRemoveNode",
        "contract/schemas/method.request.json#/methods/TxnRemoveNode",
        [0xd9, 0x33, 0x7d, 0xa1, 0x13, 0x67, 0x64, 0x7a, 0x80, 0x5f, 0xa0, 0x57, 0xc0, 0xef, 0x73, 0xe8, 0xfd, 0xc0, 0xb9, 0xab, 0x75, 0xd5, 0x32, 0x75, 0x52, 0x10, 0x07, 0x26, 0xf6, 0x2b, 0x74, 0xd9],
    ),
    (
        "TxnUnifiedQuery",
        "contract/schemas/method.request.json#/methods/TxnUnifiedQuery",
        [0xa0, 0xa3, 0xa0, 0xb1, 0x5b, 0xcc, 0x8e, 0xa3, 0x46, 0xef, 0x9b, 0x13, 0xcb, 0x13, 0xea, 0x83, 0xb2, 0x00, 0xc9, 0x29, 0x3f, 0xd1, 0x30, 0x0b, 0xa3, 0xca, 0xd3, 0x8a, 0x65, 0x82, 0xa1, 0x63],
    ),
    (
        "TxnUnifiedQueryText",
        "contract/schemas/method.request.json#/methods/TxnUnifiedQueryText",
        [0xe1, 0xfe, 0x8e, 0x05, 0x95, 0xfc, 0xc5, 0xf2, 0xd9, 0x66, 0x92, 0x1e, 0x86, 0xd3, 0x2f, 0x20, 0x77, 0x18, 0x6b, 0xcb, 0x7e, 0x90, 0xe3, 0x7a, 0x7e, 0xb6, 0xf6, 0xe9, 0x08, 0xb9, 0x5d, 0x50],
    ),
    (
        "UnbindQueue",
        "contract/schemas/method.request.json#/methods/UnbindQueue",
        [0x9b, 0x40, 0x92, 0x98, 0xd7, 0xca, 0xe9, 0x88, 0xf7, 0xaf, 0xc9, 0xc3, 0x9e, 0x4c, 0x03, 0x9d, 0x06, 0xdc, 0x0f, 0x5f, 0x6d, 0xbf, 0x4b, 0x58, 0xae, 0xcf, 0xf7, 0x15, 0xc4, 0xf3, 0x0b, 0x15],
    ),
    (
        "UnifiedQuery",
        "contract/schemas/method.request.json#/methods/UnifiedQuery",
        [0x77, 0xec, 0x7d, 0x30, 0xd4, 0x8f, 0x96, 0xf9, 0xd9, 0x63, 0xaf, 0xe0, 0x65, 0x8e, 0x2f, 0x33, 0x1e, 0x83, 0xc8, 0x07, 0x96, 0x81, 0xcb, 0xaa, 0x63, 0xa6, 0x68, 0xa8, 0x02, 0x07, 0x6d, 0x7e],
    ),
    (
        "UnifiedQueryText",
        "contract/schemas/method.request.json#/methods/UnifiedQueryText",
        [0x5f, 0xe6, 0xc7, 0x1b, 0x2b, 0xc2, 0xa6, 0xe7, 0x37, 0x74, 0x7b, 0x52, 0x04, 0x8f, 0x7a, 0xea, 0x51, 0x15, 0xcf, 0xc8, 0x13, 0x45, 0xa8, 0x65, 0xc6, 0x3b, 0x86, 0xf2, 0x10, 0xe5, 0x3d, 0x6f],
    ),
    (
        "UnionGetNeighbors",
        "contract/schemas/method.request.json#/methods/UnionGetNeighbors",
        [0x02, 0x4e, 0xb5, 0x93, 0x79, 0xb0, 0x45, 0xc0, 0xf0, 0x34, 0x37, 0xc7, 0x7a, 0x0f, 0xe0, 0x85, 0xca, 0xf4, 0x21, 0xfe, 0xf8, 0xad, 0x04, 0x3e, 0x20, 0x47, 0xd6, 0x8a, 0x1e, 0xd6, 0xc8, 0xa2],
    ),
    (
        "UnionGetNodeProperties",
        "contract/schemas/method.request.json#/methods/UnionGetNodeProperties",
        [0x20, 0x0b, 0x9d, 0x5f, 0xc5, 0x48, 0x2b, 0x17, 0x23, 0x30, 0x0b, 0xec, 0x19, 0x9f, 0x75, 0x1e, 0xf4, 0xff, 0x85, 0x28, 0xd7, 0x00, 0xdd, 0xdc, 0x44, 0x01, 0xd3, 0x77, 0xff, 0xda, 0xaa, 0x70],
    ),
    (
        "UnionGetNodesByLabel",
        "contract/schemas/method.request.json#/methods/UnionGetNodesByLabel",
        [0xa9, 0x1c, 0xc5, 0x27, 0x27, 0x12, 0x50, 0x30, 0xc2, 0xe0, 0xb4, 0x6d, 0xbd, 0x1d, 0x22, 0x63, 0xd3, 0x78, 0x50, 0xfa, 0x8d, 0x4c, 0x2a, 0x2e, 0x36, 0xe0, 0x7e, 0xb3, 0xcc, 0xd5, 0x81, 0xfe],
    ),
    (
        "UpdateCapacityCell",
        "contract/schemas/method.request.json#/methods/UpdateCapacityCell",
        [0x2d, 0x73, 0xd5, 0x47, 0x36, 0xd9, 0x60, 0x69, 0xe1, 0x1d, 0xc0, 0x45, 0xd7, 0xfb, 0x65, 0x9e, 0x02, 0x51, 0x0e, 0xc4, 0x8e, 0xa4, 0x67, 0xa0, 0x10, 0xb0, 0xb3, 0x64, 0xe1, 0x78, 0x01, 0x6a],
    ),
    (
        "UpdateDevelopmentLaneQuota",
        "contract/schemas/method.request.json#/methods/UpdateDevelopmentLaneQuota",
        [0xdb, 0xbd, 0x18, 0x42, 0x6d, 0x48, 0x54, 0xc9, 0xb1, 0x66, 0x49, 0xe0, 0xcb, 0x05, 0xa3, 0xe6, 0x21, 0x44, 0x26, 0x57, 0xd7, 0xee, 0x27, 0x1b, 0x6b, 0x98, 0xba, 0x7f, 0xf2, 0x7d, 0xfa, 0xb0],
    ),
    (
        "UpdateResourceHost",
        "contract/schemas/method.request.json#/methods/UpdateResourceHost",
        [0xf3, 0x2c, 0x50, 0x38, 0x01, 0x49, 0x6c, 0xed, 0x72, 0xbf, 0xef, 0x4a, 0x92, 0x6c, 0x76, 0x47, 0x36, 0x96, 0xa5, 0x6e, 0x51, 0x90, 0x23, 0xbb, 0x51, 0xd6, 0x89, 0x4b, 0x26, 0x72, 0xdb, 0x1e],
    ),
    (
        "VerifyWorkItemClaimCapability",
        "contract/schemas/method.request.json#/methods/VerifyWorkItemClaimCapability",
        [0xba, 0xe7, 0x3d, 0xf1, 0x98, 0xc1, 0x56, 0x50, 0x11, 0x81, 0x34, 0x31, 0x16, 0x9e, 0x07, 0xc6, 0xa7, 0x95, 0xc6, 0x14, 0x28, 0x79, 0x87, 0x99, 0x5c, 0x74, 0xae, 0x2d, 0xaa, 0xd0, 0x3a, 0x70],
    ),
    (
        "Vf2SubgraphMatch",
        "contract/schemas/method.request.json#/methods/Vf2SubgraphMatch",
        [0xad, 0xfe, 0x36, 0x51, 0x86, 0x70, 0x47, 0xc8, 0x9e, 0x98, 0x73, 0x34, 0xe0, 0x6f, 0x0b, 0x90, 0x64, 0x3f, 0x1e, 0x42, 0x58, 0x58, 0x06, 0xef, 0x19, 0xb1, 0xe1, 0xb9, 0x0f, 0xdc, 0x16, 0xab],
    ),
    (
        "Viz",
        "contract/schemas/method.request.json#/methods/Viz",
        [0x56, 0xfe, 0xde, 0x50, 0xf4, 0xd7, 0xaa, 0x2c, 0xa9, 0x6f, 0x83, 0xab, 0xda, 0x76, 0x71, 0xf6, 0x3a, 0xd7, 0x39, 0xbd, 0xb1, 0xb4, 0x93, 0x63, 0x1e, 0xc6, 0x35, 0x9d, 0x50, 0x35, 0xf4, 0xf8],
    ),
    (
        "Watch",
        "contract/schemas/method.request.json#/methods/Watch",
        [0x16, 0xb4, 0x69, 0x19, 0x40, 0x77, 0x5c, 0xdf, 0x9b, 0x2a, 0x3e, 0x59, 0x3b, 0x52, 0x94, 0x02, 0x8e, 0xb3, 0x54, 0x6b, 0x90, 0x1f, 0x92, 0xa2, 0x95, 0x84, 0x95, 0x95, 0xaf, 0x45, 0xb2, 0xfd],
    ),
    (
        "WhatChanged",
        "contract/schemas/method.request.json#/methods/WhatChanged",
        [0x78, 0x3c, 0xad, 0x0d, 0x0e, 0xaa, 0x73, 0xd1, 0xb9, 0x39, 0x69, 0x78, 0xc5, 0x9a, 0x28, 0xc4, 0x0a, 0xc4, 0x7c, 0x17, 0x89, 0x48, 0xb9, 0x3f, 0xcd, 0x2f, 0xab, 0x3e, 0x8f, 0x2a, 0x48, 0x2e],
    ),
    (
        "WorldTransform",
        "contract/schemas/method.request.json#/methods/WorldTransform",
        [0x11, 0x0f, 0x35, 0xe9, 0xb3, 0x3b, 0x29, 0x64, 0xeb, 0x11, 0xe0, 0x21, 0xe4, 0xf0, 0x9a, 0xb2, 0xf5, 0x0f, 0xc5, 0xe7, 0xf0, 0xd1, 0xbf, 0x1a, 0xdb, 0xe0, 0x43, 0xa9, 0xd3, 0x7a, 0x8f, 0x23],
    ),
    (
        "WriteBack",
        "contract/schemas/method.request.json#/methods/WriteBack",
        [0xbc, 0xa2, 0x4d, 0x3d, 0xb4, 0xb4, 0xf5, 0x61, 0x75, 0x0d, 0x8d, 0x52, 0x7b, 0xcc, 0x55, 0x16, 0x94, 0x4e, 0x16, 0x02, 0x08, 0x25, 0x41, 0x31, 0x61, 0x7c, 0x8e, 0x6c, 0x57, 0x25, 0x4c, 0x40],
    ),
];
